"species","life_form","n","mean","sd","se"
"Ã—Stiporyzopsis bloomeri","no_life_form_on_database",NA,NA,NA,NA
"Achnatherum wallowaense","no_life_form_on_database",3,1205,52.7162214123888,30.4357246231026
"Aciachne acicularis","perennial",27,1249.81481481481,301.750411004377,58.0718936738191
"Aciachne flagellifera","perennial",6,944.5,87.4133857026485,35.6863652767646
"Aciachne pulvinata","perennial",14,1199.21428571429,219.593743280432,58.6888965453262
"Aegilops bicornis","annual",NA,NA,NA,NA
"Aegilops biuncialis","annual",80,1507,291.515811499875,32.5924585514867
"Aegilops caudata","annual",31,1666.09677419355,235.414011879598,42.2816047049699
"Aegilops columnaris","annual",9,1651.77777777778,243.767193125827,81.2557310419425
"Aegilops comosa","annual",16,1501.0625,206.386197455159,51.5965493637898
"Aegilops crassa","annual",20,2014,253.292425136598,56.6379080791209
"Aegilops cylindrica","annual",93,1264.44086021505,238.561744006871,24.7377004745771
"Aegilops geniculata","annual",151,1478.60927152318,233.439556017111,18.9970416507388
"Aegilops juvenalis","annual",4,1985.75,255.524786795071,127.762393397536
"Aegilops kotschyi","annual",24,2279,520.703871446267,106.288232677927
"Aegilops longissima","annual",NA,NA,NA,NA
"Aegilops peregrina","annual",12,1700.83333333333,259.161877574382,74.813589890629
"Aegilops searsii","annual",1,2054,NA,NA
"Aegilops sharonensis","annual",1,1812,NA,NA
"Aegilops speltoides","annual",12,1863.83333333333,265.790701435729,76.7271665110089
"Aegilops tauschii","annual",42,1493.85714285714,348.447047552042,53.7665467216805
"Aegilops triuncialis","annual",250,1523.916,323.249000942682,20.4440618870558
"Aegilops umbellulata","annual",39,1719.10256410256,379.233908854194,60.7260256851088
"Aegilops uniaristata","annual",6,1397.83333333333,138.433257083212,56.5151405475658
"Aegilops vavilovii","annual",NA,NA,NA,NA
"Aegilops ventricosa","annual",83,1651.4578313253,391.51862869441,42.9747525508203
"Agropogon lutosus","no_life_form_on_database",NA,NA,NA,NA
"Agropyron brownei","no_life_form_on_database",NA,NA,NA,NA
"Agropyron cristatum","perennial",369,1038.73441734417,247.012849367082,12.8589753068269
"Agropyron desertorum","perennial",70,1109.9,183.537789814128,21.9369617279849
"Agropyron fragile","perennial",35,1182.42857142857,143.913022284967,24.3257406189959
"Agropyron mongolicum","perennial",4,1399,125.227792442413,62.6138962212064
"Agropyron retrofractum","no_life_form_on_database",NA,NA,NA,NA
"Agropyron velutinum","no_life_form_on_database",NA,NA,NA,NA
"Agrostis avenacea","no_life_form_on_database",23,1670.34782608696,415.331806970551,86.6026683697305
"Agrostis billardierei","no_life_form_on_database",NA,NA,NA,NA
"Agrostis botelhoi","no_life_form_on_database",NA,NA,NA,NA
"Agrostis canina","perennial",385,775.142857142857,201.684515025796,10.2787946639356
"Agrostis capillaris","perennial",629,771.470588235294,202.738578125433,8.08371648896485
"Agrostis castellana","perennial",90,1389.51111111111,214.438867664059,22.6038413561952
"Agrostis clavata","annual",262,823.286259541985,233.34129321837,14.4158732383615
"Agrostis congestiflora","perennial",NA,NA,NA,NA
"Agrostis durieui","no_life_form_on_database",11,1064.81818181818,110.75632549143,33.3942886194136
"Agrostis exarata","perennial",350,1297.4,514.204668649308,27.4853956680762
"Agrostis gigantea","perennial",609,871.059113300493,264.322295891084,10.7108799484222
"Agrostis gracililaxa","perennial",NA,NA,NA,NA
"Agrostis hyemalis","perennial",335,1415.52537313433,318.496578414998,17.401326974796
"Agrostis idahoensis","perennial",102,1263.51960784314,320.980142823467,31.7817699760958
"Agrostis imbecilla","perennial",6,1123.33333333333,91.0816483528195,37.1839272326693
"Agrostis imberbis","perennial",15,1383.8,290.413547499817,74.9844555319872
"Agrostis leptostachys","no_life_form_on_database",NA,NA,NA,NA
"Agrostis mertensii","perennial",404,624.933168316832,226.17086140734,11.2524209221066
"Agrostis meyenii","perennial",30,1262.36666666667,387.998265489665,70.8384674271892
"Agrostis muelleriana","annual",28,1059.42857142857,123.799846996683,23.3959719643621
"Agrostis muscosa","perennial",16,1101.8125,88.6237129666773,22.1559282416693
"Agrostis pallens","perennial",80,1353.1375,378.95531762091,42.3684925317689
"Agrostis pallescens","perennial",NA,NA,NA,NA
"Agrostis personata","perennial",23,1081.47826086957,75.4615311781244,15.7348169574563
"Agrostis petriei","perennial",6,1086,57.0613704707484,23.2952069462082
"Agrostis scabra","perennial",928,1019.26293103448,422.500715030803,13.8692654428442
"Agrostis stolonifera","perennial",724,883.761049723757,301.161921546812,11.1925946679147
"Agrostis tenerrima","annual",23,1552.47826086957,172.50688248858,35.970171522919
"Agrostis thurberiana","no_life_form_on_database",66,1052.19696969697,283.590399083281,34.907565050585
"Agrostis vinealis","perennial",432,779.25462962963,200.491345351572,9.64614435074337
"Aira caryophyllea","annual",197,1085.28426395939,336.856204418436,24.0000108349378
"Aira cupaniana","annual",86,1493.66279069767,175.035297984023,18.8745415901074
"Aira praecox","annual",131,908.221374045802,246.59943508814,21.5454926806828
"Airopsis tenella","annual",28,1458.28571428571,188.768888119025,35.6739666592226
"Alopecurus aequalis","annual",1346,934.248885586924,343.818543417911,9.37144943356652
"Alopecurus geniculatus","annual",415,763.597590361446,193.756444789744,9.51112980221621
"Alopecurus gerardii","perennial",17,1060.52941176471,160.821763781779,39.0050069982593
"Alopecurus japonicus","annual",36,1244.88888888889,104.168483793674,17.3614139656124
"Alopecurus magellanicus","perennial",231,517,303.853125274581,19.9920678793234
"Alopecurus myosuroides","annual",140,1343.65714285714,377.677963605526,31.9196137858412
"Alopecurus pratensis","perennial",585,794.85641025641,220.617587144905,9.12141462240994
"Alopecurus textilis","perennial",14,1099.5,269.996794852771,72.1596787047256
"Alopecurus vaginatus","perennial",NA,NA,NA,NA
"Ammochloa palaestina","annual",12,1917.75,524.705480159195,151.469425107591
"Ammophila arenaria","no_life_form_on_database",189,1117.38095238095,380.179245039314,27.6539709213305
"Ammophila breviligulata","no_life_form_on_database",89,942.089887640449,183.586283928234,19.4601071762174
"Ammophila champlainensis","no_life_form_on_database",NA,NA,NA,NA
"Ampelodesmos mauritanicus","perennial",36,1493.97222222222,214.02262712301,35.670437853835
"Aniselytron treutleri","perennial",6,1099.16666666667,188.475374165079,76.9447492974306
"Anisopogon avenaceus","perennial",16,1457.0625,118.240697308499,29.5601743271247
"Anthochloa lepidula","no_life_form_on_database",12,1444.5,244.207624034066,70.4966687371134
"Anthoxanthum amarum","perennial",10,1186.6,173.846803568864,54.9751863217498
"Anthoxanthum aristatum","annual",57,1391.63157894737,253.816626128487,33.6188334068262
"Anthoxanthum odoratum","perennial",604,867.418874172185,295.245219565605,12.0133576094923
"Antinoria agrostidea","annual",28,1371.07142857143,275.3319785508,52.0328530877706
"Apera interrupta","annual",62,1124.83870967742,231.534736518522,29.4049409428079
"Apera spica-venti","annual",235,907.212765957447,184.170342946277,12.0139484927736
"Aphanelytrum peruvianum","no_life_form_on_database",NA,NA,NA,NA
"Aphanelytrum procumbens","no_life_form_on_database",7,1117.57142857143,114.681961881337,43.3457072861437
"Arctagrostis latifolia","perennial",514,477.587548638132,153.94338697836,6.79015171408775
"Arctophila fulva","no_life_form_on_database",NA,NA,NA,NA
"Arrhenatherum album","perennial",55,1507.6,187.665837772,25.3048564029863
"Arrhenatherum calderae","perennial",NA,NA,NA,NA
"Arrhenatherum elatius","no_life_form_on_database",NA,NA,NA,NA
"Arrhenatherum longifolium","perennial",NA,NA,NA,NA
"Arrhenatherum palaestinum","perennial",24,1593.08333333333,282.657407730502,57.6972017464624
"Australopyrum calcis","perennial",NA,NA,NA,NA
"Austrofestuca eriopoda","no_life_form_on_database",NA,NA,NA,NA
"Austrofestuca hookeriana","no_life_form_on_database",NA,NA,NA,NA
"Austrofestuca littoralis","no_life_form_on_database",NA,NA,NA,NA
"Austrofestuca triticoides","no_life_form_on_database",NA,NA,NA,NA
"Avena abyssinica","annual",NA,NA,NA,NA
"Avena barbata","annual",150,1478.54,254.412037778174,20.7726558992734
"Avena brevis","annual",5,894.2,104.415994943304,46.6962525263002
"Avena clauda","annual",16,1613.3125,325.229297317037,81.3073243292591
"Avena eriantha","annual",5,1709.8,334.417702880694,149.556143304112
"Avena fatua","annual",436,1057.14908256881,364.405626303869,17.4518643678161
"Avena insularis","annual",NA,NA,NA,NA
"Avena longiglumis","annual",20,1627.15,140.229989659844,31.3563789363504
"Avena maroccana","no_life_form_on_database",NA,NA,NA,NA
"Avena murphyi","annual",NA,NA,NA,NA
"Avena nuda","annual",4,925,59.0705792534095,29.5352896267048
"Avena prostrata","annual",NA,NA,NA,NA
"Avena sativa","annual",NA,NA,NA,NA
"Avena sterilis","annual",200,1665.63,361.355548264181,25.5516958596985
"Avena strigosa","annual",5,1189.2,194.58340114203,87.0203424493377
"Avena vaviloviana","annual",14,1831.14285714286,228.975261392296,61.1962127269271
"Avena ventricosa","annual",NA,NA,NA,NA
"Beckmannia syzigachne","annual",663,1036.69532428356,328.598425375676,12.7617053688221
"Boissiera squarrosa","no_life_form_on_database",10,1893.5,375.763592938137,118.826881545287
"Brachyelytrum aristosum","perennial",105,948.238095238095,138.959770313454,13.5610849985811
"Brachyelytrum erectum","perennial",192,1165.39583333333,253.227417982631,18.2751147423082
"Brachypodium arbuscula","perennial",1,1931,NA,NA
"Brachypodium distachyon","annual",NA,NA,NA,NA
"Brachypodium mexicanum","perennial",95,1590.49473684211,339.25735143681,34.8070698359913
"Brachypodium phoenicoides","perennial",87,1445.72413793103,194.78746256722,20.8834080247564
"Brachypodium pinnatum","perennial",428,914.691588785047,238.050824526804,11.5066209158734
"Brachypodium retusum","perennial",96,1498.69791666667,257.631361273048,26.2943907023999
"Brachypodium sylvaticum","perennial",549,1062.47723132969,312.187317919375,13.3238300470053
"Briza ambigua","no_life_form_on_database",NA,NA,NA,NA
"Briza brachychaete","no_life_form_on_database",NA,NA,NA,NA
"Briza brasiliensis","no_life_form_on_database",1,1130,NA,NA
"Briza brizoides","no_life_form_on_database",NA,NA,NA,NA
"Briza calotheca","no_life_form_on_database",39,1389.12820512821,228.912782688675,36.6553812743227
"Briza erecta","no_life_form_on_database",17,1595.76470588235,121.305672482661,29.4209470960349
"Briza itatiaiae","no_life_form_on_database",2,1157,38.1837661840736,27
"Briza juergensii","no_life_form_on_database",5,1234.2,127.317320110031,56.9380364958259
"Briza lamarckiana","no_life_form_on_database",11,1408.54545454545,183.371406514955,55.2885593354396
"Briza maxima","annual",158,1466.1582278481,227.950730014266,18.1347863696025
"Briza media","perennial",421,891.847980997625,232.512960574673,11.3319883175241
"Briza minor","annual",126,1414.27777777778,255.610223234952,22.7715685690951
"Briza monandra","no_life_form_on_database",20,1339.7,273.322077217953,61.116674441079
"Briza paleapilifera","no_life_form_on_database",5,1861.8,155.018386006306,69.3263297744803
"Briza parodiana","no_life_form_on_database",NA,NA,NA,NA
"Briza poimorpha","no_life_form_on_database",NA,NA,NA,NA
"Briza rufa","no_life_form_on_database",14,1348.35714285714,131.022961665185,35.0173594536813
"Briza scabra","no_life_form_on_database",NA,NA,NA,NA
"Briza subaristata","no_life_form_on_database",109,1607.84403669725,242.591646459029,23.2360655553534
"Briza uniolae","no_life_form_on_database",37,1491.78378378378,223.781283987431,36.7894164654262
"Bromus alopecuros","annual",20,1569.55,204.630726457505,45.7568214644146
"Bromus anomalus","perennial",106,1902.41509433962,242.392238910978,23.5432154799357
"Bromus arenarius","annual",152,2204.88815789474,424.84673589179,34.459620629566
"Bromus arvensis","annual",86,1149,209.679026413342,22.6102709007477
"Bromus attenuatus","perennial",3,1996,44.9332838773219,25.9422435421457
"Bromus ayacuchensis","perennial",1,1504,NA,NA
"Bromus berteroanus","annual",31,1464.64516129032,304.52022903655,54.6934477093723
"Bromus brachyantherus","perennial",26,1266.57692307692,172.890988331243,33.9067124317442
"Bromus briziformis","annual",5,1187.4,54.2936460370825,24.2808566570457
"Bromus carinatus","annual",245,1604,469.372837577695,29.9871306175913
"Bromus catharticus","annual",100,1420.67,285.599778421384,28.5599778421384
"Bromus cebadilla","perennial",1,1478,NA,NA
"Bromus ciliatus","perennial",520,1030.46538461538,373.875298306614,16.3955164300312
"Bromus coloratus","perennial",14,1069.28571428571,320.595942335143,85.6828697005743
"Bromus commutatus","annual",160,1010.76875,266.54368756749,21.0721287163393
"Bromus danthoniae","annual",35,1711.11428571429,461.494616081563,78.0068276631272
"Bromus densus","perennial",5,1998.8,93.4703161436828,41.8011961551341
"Bromus diandrus","annual",118,1473.72033898305,227.922047162599,20.9819251477313
"Bromus dolichocarpus","perennial",24,1666,190.754793660206,38.9376592047831
"Bromus erectus","perennial",142,1027.56338028169,228.288621126876,19.157555516093
"Bromus exaltatus","perennial",32,1712.65625,207.613880040531,36.7012956112774
"Bromus fasciculatus","annual",47,1879.97872340426,451.76602684988,65.8968476654953
"Bromus frondosus","perennial",47,1935.53191489362,307.440757889176,44.8448435356109
"Bromus grandis","perennial",15,1795.4,184.598328424563,47.663083448404
"Bromus gunckelii","annual",2,1730,111.722871427475,79
"Bromus hordeaceus","annual",431,984.317865429234,332.072202335283,15.9953551526355
"Bromus inermis","perennial",460,889.560869565217,206.057606090056,9.60748542267329
"Bromus interruptus","annual",9,790,21.1896201004171,7.06320670013903
"Bromus japonicus","annual",98,1155.26530612245,311.091976024475,31.4250351170899
"Bromus kalmii","perennial",113,1036.3982300885,145.332718014255,13.6717520694918
"Bromus korotkiji","no_life_form_on_database",1,1133,NA,NA
"Bromus laevipes","perennial",38,1602.57894736842,247.116301712038,40.0875576483051
"Bromus lanatipes","perennial",55,1842.98181818182,321.620520058281,43.3673020777298
"Bromus lanatus","perennial",51,1298.92156862745,320.370213542848,44.8608029539851
"Bromus latiglumis","perennial",133,1122.13533834586,179.699150179054,15.5818924635269
"Bromus madritensis","annual",161,1510.13043478261,332.848823237269,26.2321621297731
"Bromus marginatus","perennial",137,1552.56934306569,461.507357592558,39.4292345051829
"Bromus mucroglumis","no_life_form_on_database",11,1900,210.485153870766,63.4636617572321
"Bromus orcuttianus","perennial",48,1493.1875,297.791991965404,42.9825716809353
"Bromus pectinatus","annual",16,1848.4375,454.503094048874,113.625773512219
"Bromus pellitus","perennial",8,959.625,122.596827621506,43.3445240815624
"Bromus porteri","perennial",133,1390.27067669173,404.183972659532,35.0471952214945
"Bromus pseudodanthoniae","no_life_form_on_database",2,1122,231.931024229188,164
"Bromus pseudolaevipes","perennial",20,1694.65,200.681542696251,44.8737571298345
"Bromus pubescens","perennial",191,1243.75392670157,241.033754292182,17.4405903624116
"Bromus pumpellianus","perennial",457,643.81181619256,244.276796085272,11.4267865560324
"Bromus ramosus","perennial",89,1032.21348314607,208.571192985541,22.108502239507
"Bromus remotiflorus","perennial",96,1115.96875,137.214887417318,14.0044358035779
"Bromus richardsonii","perennial",124,1418.45967741935,484.658548805214,43.5236225190095
"Bromus rigidus","annual",111,1482.82882882883,317.868036480374,30.1706988419494
"Bromus riparius","perennial",127,994.007874015748,150.789956723314,13.3804449653007
"Bromus rubens","annual",111,1570.06306306306,273.51809909465,25.9611890738711
"Bromus scoparius","annual",79,1508.35443037975,279.163679492997,31.4083678175561
"Bromus secalinus","annual",28,1132.32142857143,206.278139013616,38.9829040528027
"Bromus segetum","perennial",NA,NA,NA,NA
"Bromus squarrosus","annual",256,1149.1640625,244.252465894591,15.2657791184119
"Bromus sterilis","annual",260,1206.78846153846,335.604884464438,20.8133313856942
"Bromus striatus","annual",NA,NA,NA,NA
"Bromus suksdorfii","perennial",30,1370.43333333333,243.395758800968,44.4377824987922
"Bromus tectorum","annual",432,1189.8287037037,365.088551455512,17.5653311217409
"Bromus texensis","annual",NA,NA,NA,NA
"Brylkinia caudata","perennial",46,977.826086956522,170.97398169154,25.2087383121922
"Calamagrostis acutiflora","perennial",5,807.2,49.0785085347956,21.9485762636213
"Calamagrostis angustifolia","perennial",27,693.962962962963,174.831673217738,33.6463711983779
"Calamagrostis anthoxanthoides","perennial",9,994.333333333333,245.91817744933,81.9727258164432
"Calamagrostis arundinacea","perennial",6,967.5,127.761887900892,52.1585723219747
"Calamagrostis breweri","perennial",9,1469.44444444444,311.656506073237,103.885502024412
"Calamagrostis cainii","perennial",2,1007.5,19.0918830920368,13.5
"Calamagrostis canadensis","perennial",797,880.101631116688,306.186830769274,10.8456939941143
"Calamagrostis coahuilensis","no_life_form_on_database",NA,NA,NA,NA
"Calamagrostis deschampsioides","perennial",53,475.11320754717,116.842869565755,16.0496024569352
"Calamagrostis divaricata","no_life_form_on_database",NA,NA,NA,NA
"Calamagrostis emodensis","perennial",23,1156.30434782609,235.459016851343,49.0965989332126
"Calamagrostis epigeios","no_life_form_on_database",130,1181.23846153846,247.883937703229,21.7408595420021
"Calamagrostis erectifolia","no_life_form_on_database",NA,NA,NA,NA
"Calamagrostis eriantha","no_life_form_on_database",NA,NA,NA,NA
"Calamagrostis holmii","perennial",64,380.375,96.7443858344048,12.0930482293006
"Calamagrostis howellii","perennial",5,1247.6,132.709457085771,59.3494734601749
"Calamagrostis inexpansa","perennial",139,806.812949640288,280.668342322066,23.8059780869205
"Calamagrostis lapponica","perennial",507,550.420118343195,119.97052927635,5.32807825942483
"Calamagrostis minima","no_life_form_on_database",4,1366.5,96.476249236103,48.2381246180515
"Calamagrostis muiriana","perennial",4,1559.75,341.588812268005,170.794406134003
"Calamagrostis perplexa","perennial",2,1033,45.254833995939,32
"Calamagrostis pickeringii","perennial",26,811.615384615385,177.716420608356,34.8530575603027
"Calamagrostis pringlei","no_life_form_on_database",NA,NA,NA,NA
"Calamagrostis pseudophragmites","perennial",NA,NA,NA,NA
"Calamagrostis purpurascens","perennial",406,670.485221674877,295.977590957429,14.6891212006605
"Calamagrostis purpurea","perennial",476,670.676470588235,152.218611328165,6.97692861121251
"Calamagrostis rubescens","perennial",97,1119.89690721649,256.420369564969,26.0355438899936
"Calamagrostis scopulorum","perennial",27,1491,339.623207506382,65.3605167589513
"Calamagrostis stricta","perennial",NA,NA,NA,NA
"Calamagrostis tolucensis","no_life_form_on_database",NA,NA,NA,NA
"Calamagrostis valida","no_life_form_on_database",NA,NA,NA,NA
"Calamagrostis villosa","perennial",NA,NA,NA,NA
"Calamagrostis vulcanica","no_life_form_on_database",2,1390.5,16.2634559672906,11.5
"Castellia tuberculosa","annual",15,1733.2,222.280774825766,57.3926492721515
"Catabrosa aquatica","perennial",489,952.631901840491,323.541904899642,14.6310706888185
"Catabrosa werdermannii","perennial",11,1718.27272727273,291.545567933759,87.9042961933955
"Catapodium marinum","annual",52,1335.38461538462,381.953346594004,52.9673990761442
"Catapodium rigidum","annual",19,1319.84210526316,381.486167385441,87.5189290521989
"Chaetopogon fasciculatus","no_life_form_on_database",16,1629.4375,104.238808352104,26.059702088026
"Cinna arundinacea","perennial",213,1231.57276995305,212.721140450708,14.5754123778461
"Cinna latifolia","perennial",588,855.758503401361,238.708363146868,9.8441669800471
"Colpodium altaicum","no_life_form_on_database",NA,NA,NA,NA
"Colpodium araraticum","no_life_form_on_database",NA,NA,NA,NA
"Colpodium lanatiflorum","no_life_form_on_database",NA,NA,NA,NA
"Colpodium ponticum","no_life_form_on_database",NA,NA,NA,NA
"Colpodium variegatum","no_life_form_on_database",NA,NA,NA,NA
"Colpodium versicolor","perennial",NA,NA,NA,NA
"Corynephorus canescens","perennial",173,1001.68786127168,282.536055987886,21.4808185618659
"Crithopsis delileana","annual",7,2094.71428571429,330.952017814121,125.088105004455
"Cutandia maritima","annual",10,1463.7,254.893463583862,80.604390561419
"Cutandia memphitica","annual",8,1824.75,421.448437788403,149.004524140328
"Cyathopus sikkimensis","perennial",1,1106,NA,NA
"Cynosurus cristatus","perennial",327,933.293577981651,266.653423973729,14.7459680403227
"Cynosurus echinatus","annual",186,1354.49462365591,249.261118862016,18.2767119840546
"Dactylis glomerata","perennial",759,1012.01844532279,351.164507791821,12.7464641061893
"Dasypyrum villosum","annual",38,1376,231.843609917245,37.6099998808616
"Deschampsia antarctica","perennial",35,1027.71428571429,374.88324232773,63.3668334559404
"Deschampsia atropurpurea","no_life_form_on_database",92,807.097826086957,226.680006815175,23.6330243997599
"Deschampsia berteroana","no_life_form_on_database",NA,NA,NA,NA
"Deschampsia cespitosa","perennial",1265,829.604743083004,307.091148350464,8.63419863584152
"Deschampsia chapmanii","perennial",13,1022.53846153846,144.4585381027,40.0655897159887
"Deschampsia christophersenii","perennial",NA,NA,NA,NA
"Deschampsia elongata","perennial",175,1282.93142857143,368.401105564683,27.8485059441544
"Deschampsia flexuosa","no_life_form_on_database",486,827.286008230453,257.155331312387,11.6648027102167
"Deschampsia foliosa","no_life_form_on_database",2,1414.5,142.128463018496,100.5
"Deschampsia kingii","perennial",16,894.9375,282.566916853336,70.641729213334
"Deschampsia klossii","perennial",18,929.444444444444,431.48924357423,101.702990046797
"Deschampsia laxa","perennial",3,798.666666666667,366.691059794663,211.709182081878
"Deschampsia maderensis","no_life_form_on_database",1,1502,NA,NA
"Deschampsia mejlandii","perennial",NA,NA,NA,NA
"Deschampsia nubigena","perennial",4,1317.5,460.380639616104,230.190319808052
"Deschampsia parvula","perennial",9,881.444444444444,347.91274448887,115.970914829623
"Deschampsia patula","perennial",14,1057.35714285714,289.509560661277,77.3746847278533
"Deschampsia setacea","perennial",NA,NA,NA,NA
"Deschampsia tenella","perennial",18,1020,90.6363126813453,21.3631837729078
"Deschampsia venustula","perennial",7,1366.28571428571,173.183634990641,65.4572613330598
"Desmazeria sicula","annual",4,1444,120.518325024316,60.259162512158
"Diarrhena americana","perennial",34,1301.47058823529,123.883678405999,21.2458755688785
"Diarrhena fauriei","perennial",18,983.722222222222,98.242081288762,23.1558806257212
"Diarrhena japonica","perennial",38,1021.68421052632,143.211826716658,23.2320260527088
"Diarrhena mandshurica","perennial",38,1016.84210526316,184.49603032656,29.9292082325588
"Diarrhena obovata","perennial",10,1198.9,104.382256900086,33.0085679113099
"Dichelachne crinita","perennial",134,1512.62686567164,300.767731222931,25.9823746437231
"Dichelachne inaequiglumis","perennial",49,1284.32653061224,202.605362276346,28.9436231823351
"Dichelachne lautumia","perennial",NA,NA,NA,NA
"Dichelachne micrantha","perennial",103,1602.87378640777,314.69847627972,31.0081622472099
"Dichelachne rara","perennial",80,1352.3875,308.1578788913,34.4530982501547
"Dielsiochloa floribunda","no_life_form_on_database",19,1363.89473684211,330.081285399158,75.7258403267861
"Dissanthelium brevifolium","no_life_form_on_database",NA,NA,NA,NA
"Dissanthelium calycinum","no_life_form_on_database",8,1321.625,315.634480055649,111.59364061182
"Dissanthelium peruvianum","no_life_form_on_database",11,1472.54545454545,131.908577155819,39.7719324595907
"Dryopoa dives","perennial",15,1305.46666666667,142.389740133333,36.7648728138134
"Dupontia fisheri","perennial",215,323.395348837209,96.6255755347645,6.5898095562786
"Duthiea brachypodium f. f.","perennial",NA,NA,NA,NA
"Echinaria capitata","annual",111,1490.56756756757,251.394569320878,23.8613165559667
"Echinopogon caespitosus","perennial",43,1654.6976744186,237.247463219287,36.1798989559784
"Echinopogon ovatus","perennial",124,1479.77419354839,344.886215210805,30.971696423904
"Elymus abolinii","perennial",1,1071,NA,NA
"Elymus alaskanus","perennial",35,513.285714285714,112.053446131371,18.9404893509841
"Elymus alatavicus","no_life_form_on_database",NA,NA,NA,NA
"Elymus angulatus","perennial",36,1303.88888888889,390.655988802554,65.1093314670924
"Elymus anthosachnoides","perennial",NA,NA,NA,NA
"Elymus antiquus","perennial",NA,NA,NA,NA
"Elymus apricus","no_life_form_on_database",NA,NA,NA,NA
"Elymus aristiglumis","perennial",NA,NA,NA,NA
"Elymus bakeri","perennial",15,1416.33333333333,380.508244075636,98.246806159971
"Elymus barbicallus","perennial",NA,NA,NA,NA
"Elymus batalinii","no_life_form_on_database",1,1026,NA,NA
"Elymus breviaristatus f.","no_life_form_on_database",NA,NA,NA,NA
"Elymus brevipes","perennial",NA,NA,NA,NA
"Elymus bungeanus","no_life_form_on_database",18,905.111111111111,88.2329062857729,20.7966954528224
"Elymus burchan-buddae","perennial",NA,NA,NA,NA
"Elymus canadensis","perennial",525,1378.21142857143,427.510447020756,18.6580855605431
"Elymus caninus","perennial",3,1122.33333333333,619.911552830993,357.906101900733
"Elymus caucasicus","perennial",NA,NA,NA,NA
"Elymus ciliaris","perennial",26,1032.73076923077,147.32238328029,28.8922964282767
"Elymus clivorum","perennial",NA,NA,NA,NA
"Elymus cognatus","no_life_form_on_database",16,1122,261.786426946344,65.4466067365859
"Elymus confusus","perennial",78,683.217948717949,157.777720303942,17.8648089199843
"Elymus czimganicus","perennial",NA,NA,NA,NA
"Elymus dahuricus","perennial",177,1122.38418079096,260.621742139069,19.5895297290009
"Elymus dentatus","perennial",20,1105.6,175.324180936494,39.2036786673474
"Elymus dolichatherus","perennial",NA,NA,NA,NA
"Elymus durus","perennial",NA,NA,NA,NA
"Elymus elongatus","no_life_form_on_database",NA,NA,NA,NA
"Elymus elymoides","perennial",275,1681.77454545455,440.806849892042,26.5816532020076
"Elymus enysii","no_life_form_on_database",NA,NA,NA,NA
"Elymus falcis","no_life_form_on_database",NA,NA,NA,NA
"Elymus farctus","no_life_form_on_database",NA,NA,NA,NA
"Elymus fedtschenkoi","perennial",13,969.461538461538,204.513086535074,56.7217246158163
"Elymus festucoides","perennial",NA,NA,NA,NA
"Elymus fibrosus","perennial",91,618.010989010989,181.191273674197,18.9940064738992
"Elymus geminatus","no_life_form_on_database",NA,NA,NA,NA
"Elymus glaberrimus","perennial",NA,NA,NA,NA
"Elymus glaucissimus","perennial",NA,NA,NA,NA
"Elymus glaucus","perennial",245,1270.78367346939,451.012274626201,28.8141172785997
"Elymus gmelinii","perennial",109,844.311926605505,146.417445912535,14.0242478309972
"Elymus grandiglumis","no_life_form_on_database",NA,NA,NA,NA
"Elymus grandis","perennial",NA,NA,NA,NA
"Elymus himalayanus","perennial",NA,NA,NA,NA
"Elymus hispidus","no_life_form_on_database",86,1243.8023255814,292.76820061039,31.570006977599
"Elymus kaschgaricus","no_life_form_on_database",NA,NA,NA,NA
"Elymus kengii","no_life_form_on_database",NA,NA,NA,NA
"Elymus kokonoricus","no_life_form_on_database",NA,NA,NA,NA
"Elymus kosaninii","no_life_form_on_database",NA,NA,NA,NA
"Elymus lanceolatus","perennial",124,1277.20161290323,409.132852175286,36.7412147420091
"Elymus laxiflorus","no_life_form_on_database",NA,NA,NA,NA
"Elymus lazicus","perennial",NA,NA,NA,NA
"Elymus libanoticus","no_life_form_on_database",2,1697,243.244732728172,172
"Elymus longearistatus","perennial",4,1647.5,321.036342698663,160.518171349331
"Elymus macrochaetus","perennial",NA,NA,NA,NA
"Elymus macrourus","perennial",179,533.08938547486,109.683932273868,8.19816200925155
"Elymus magellanicus","perennial",17,1111.29411764706,375.048124363041,90.9625312610946
"Elymus magnicaespes","perennial",NA,NA,NA,NA
"Elymus melantherus","no_life_form_on_database",NA,NA,NA,NA
"Elymus multiflorus","no_life_form_on_database",NA,NA,NA,NA
"Elymus multisetus","perennial",72,1710.40277777778,377.438873316948,44.4815978009707
"Elymus mutabilis","perennial",212,632.88679245283,157.901482319112,10.8447183298436
"Elymus nakaii","perennial",NA,NA,NA,NA
"Elymus nodosus","perennial",8,1210.625,143.332717329795,50.6757681948962
"Elymus nutans","perennial",128,1158.9453125,218.282029104145,19.2935878738375
"Elymus panormitanus","perennial",18,1455.22222222222,229.81387751973,54.1676504016587
"Elymus patagonicus","perennial",15,1383.4,194.479819004441,50.2144733451754
"Elymus pendulinus","perennial",26,896.692307692308,140.524665231629,27.5591542368143
"Elymus praeruptus","perennial",NA,NA,NA,NA
"Elymus pycnanthus","no_life_form_on_database",17,1301.35294117647,322.36740320178,78.1855796268832
"Elymus rectisetus","no_life_form_on_database",NA,NA,NA,NA
"Elymus reflexiaristatus","no_life_form_on_database",10,709.8,88.515911940547,27.9911890899023
"Elymus repens","perennial",620,935.066129032258,272.145470604923,10.929625113157
"Elymus retusus","no_life_form_on_database",NA,NA,NA,NA
"Elymus rigidulus","no_life_form_on_database",NA,NA,NA,NA
"Elymus sacandros","no_life_form_on_database",NA,NA,NA,NA
"Elymus scaber","no_life_form_on_database",NA,NA,NA,NA
"Elymus scabriglumis","perennial",6,1866.5,183.993206396323,75.1149119682637
"Elymus schrenkianus","perennial",69,969.449275362319,215.612024672305,25.9566375257254
"Elymus semicostatus","perennial",20,1412.85,133.903451077731,29.9417219031624
"Elymus serpentinus","perennial",NA,NA,NA,NA
"Elymus shandongensis","perennial",NA,NA,NA,NA
"Elymus sibiricus","perennial",266,919.808270676692,269.049754967959,16.4964989049646
"Elymus smithii","perennial",45,1703.2,337.343876347401,50.2882559537382
"Elymus solandri","no_life_form_on_database",NA,NA,NA,NA
"Elymus sosnowskyi","no_life_form_on_database",NA,NA,NA,NA
"Elymus spicatus","no_life_form_on_database",62,1360.87096774194,363.056491285615,46.1082205015167
"Elymus stenachyrus","no_life_form_on_database",NA,NA,NA,NA
"Elymus stipifolius","no_life_form_on_database",10,1077.3,129.700552556006,41.0149159859353
"Elymus strictus","perennial",NA,NA,NA,NA
"Elymus submuticus f.","no_life_form_on_database",NA,NA,NA,NA
"Elymus tangutorum","no_life_form_on_database",34,1137.23529411765,183.033869828664,31.390049708774
"Elymus tauri","no_life_form_on_database",NA,NA,NA,NA
"Elymus tenuis","perennial",NA,NA,NA,NA
"Elymus thoroldianus","no_life_form_on_database",2,1119,162.634559672906,115
"Elymus tibeticus","perennial",5,1332.4,181.811165773723,81.3084251477053
"Elymus trachycaulus","no_life_form_on_database",NA,NA,NA,NA
"Elymus transhyrcanus","perennial",2,1677.5,44.5477272147525,31.5
"Elymus tsukushiensis","perennial",4,1162.5,56.2524073558931,28.1262036779465
"Elymus virginicus var. virginicus","no_life_form_on_database",167,1370.66467065868,299.583015644063,23.1824297578014
"Elymus wiegandii","no_life_form_on_database",48,955.291666666667,114.16877359965,16.4788430427019
"Eremopoa altaica","no_life_form_on_database",19,1180.26315789474,186.448635198146,42.7742504731474
"Eremopyrum bonaepartis","annual",36,1885.97222222222,377.770791135208,62.9617985225346
"Eremopyrum distans","annual",22,1715.77272727273,304.139368400829,64.8427312149997
"Eremopyrum orientale","annual",70,1396.7,363.803831118134,43.4828747137852
"Eremopyrum triticeum","annual",68,1176.72058823529,244.228596464444,29.6170676476251
"Erianthecium bulbosum","no_life_form_on_database",1,1371,NA,NA
"Festuca actae","perennial",1,1199,NA,NA
"Festuca agustini","perennial",1,1876,NA,NA
"Festuca aloha","perennial",NA,NA,NA,NA
"Festuca alpina","perennial",21,884.47619047619,175.796933718316,38.3620359859675
"Festuca altaica","perennial",NA,NA,NA,NA
"Festuca altissima","annual",197,834.939086294416,127.86929848513,9.11031030108899
"Festuca amethystina","perennial",28,874.785714285714,92.2762989283562,17.438581347849
"Festuca ampla","perennial",38,1501.42105263158,219.639585805738,35.6302457459789
"Festuca amplissima","perennial",9,1732,146.38647478507,48.7954915950234
"Festuca andicola","perennial",13,1004.92307692308,104.332370766429,28.9365932683907
"Festuca argentina","perennial",33,1527.33333333333,239.742787517511,41.7338624833333
"Festuca arizonica","perennial",59,1739.38983050847,341.557235923995,44.4669645825653
"Festuca arundinacea","no_life_form_on_database",265,1095.78113207547,313.694549039664,19.2701029652494
"Festuca arvernensis","perennial",NA,NA,NA,NA
"Festuca baffinensis","perennial",211,487.052132701422,267.71322989295,18.4301388056834
"Festuca beckeri","perennial",84,924.333333333333,164.337907346919,17.9307357135214
"Festuca borderii","no_life_form_on_database",NA,NA,NA,NA
"Festuca brachyphylla","perennial",586,582.238907849829,316.816343986425,13.087562538645
"Festuca breviglumis","perennial",24,1652.04166666667,215.349963742876,43.958127274742
"Festuca brevissima","perennial",93,529.94623655914,110.624842480006,11.4712617888928
"Festuca burnatii","perennial",4,1055,77.6444889651974,38.8222444825987
"Festuca californica","perennial",30,1503.83333333333,257.470866558601,47.0075338381827
"Festuca calligera","perennial",14,1447.42857142857,246.995706685115,66.0123793157006
"Festuca capillifolia","perennial",7,1530.42857142857,111.944714246002,42.3111249261587
"Festuca carpatica","annual",5,738.8,164.618346486654,73.6195626175543
"Festuca chimborazensis","perennial",4,928.25,75.7952285217656,37.8976142608828
"Festuca circummediterranea","perennial",23,1290.39130434783,238.981501591162,49.8310877747611
"Festuca clementei","perennial",2,1010,84.8528137423857,60
"Festuca cochabambana","perennial",NA,NA,NA,NA
"Festuca coerulescens","no_life_form_on_database",20,1609.6,161.227332148054,36.0515274513986
"Festuca contracta","perennial",8,780,224.797051327891,79.4777596923459
"Festuca coxii","perennial",1,874,NA,NA
"Festuca cundinamarcae","perennial",1,1233,NA,NA
"Festuca cuzcoensis","perennial",3,1161.33333333333,151.341776563292,87.3772154384527
"Festuca dalmatica","perennial",NA,NA,NA,NA
"Festuca deflexa","perennial",NA,NA,NA,NA
"Festuca dichoclada","perennial",5,1273,250.215906768535,111.899955317239
"Festuca dimorpha","perennial",2,942.5,111.015764646288,78.5
"Festuca donax","perennial",NA,NA,NA,NA
"Festuca drymeja","annual",41,1175.46341463415,192.287817809784,30.0303118727049
"Festuca durandoi","no_life_form_on_database",11,1316.27272727273,180.850817476223,54.5285731452438
"Festuca edlundiae","perennial",28,265.964285714286,82.4021224748476,15.5725373980238
"Festuca elata","perennial",NA,NA,NA,NA
"Festuca elegans","perennial",24,1448.45833333333,228.41076255132,46.6241516675618
"Festuca eskia","perennial",12,1066.16666666667,114.523386522605,33.0600540186669
"Festuca extremiorientalis","perennial",81,934.666666666667,185.971637622515,20.6635152913905
"Festuca filiformis","perennial",84,814.654761904762,96.0294249643242,10.4776692581452
"Festuca flacca","perennial",1,1024,NA,NA
"Festuca fontqueri","no_life_form_on_database",6,1562.16666666667,173.362529592374,70.7749563365775
"Festuca fragilis","perennial",NA,NA,NA,NA
"Festuca francoi","perennial",NA,NA,NA,NA
"Festuca frigida","perennial",NA,NA,NA,NA
"Festuca gautieri","perennial",22,1257,201.212041673171,42.8985514240949
"Festuca gigantea","no_life_form_on_database",25,923.28,268.688561969678,53.7377123939355
"Festuca glacialis","perennial",5,1007,50.9901951359278,22.8035085019828
"Festuca glauca","perennial",9,1210.44444444444,233.992580604125,77.9975268680416
"Festuca glumosa","perennial",7,985.857142857143,207.044623669576,78.2555120746649
"Festuca gracilior","perennial",3,1205.66666666667,74.8954827298238,43.2409271151507
"Festuca halleri","perennial",12,806,90.6431564884069,26.1664253993895
"Festuca hephaestophila","perennial",9,1640.66666666667,254.1318555396,84.7106185131999
"Festuca heterophylla","perennial",109,999.669724770642,164.139848629932,15.721746146997
"Festuca hintoniana","perennial",3,1956,155.618122337985,89.8461648226196
"Festuca hyperborea","perennial",18,269.444444444444,70.4023915220651,16.5940028190008
"Festuca hystrix","perennial",31,1397.09677419355,198.503292137051,35.6522437375841
"Festuca iberica","perennial",19,1206.15789473684,192.805677405428,44.2326559763771
"Festuca idahoensis","perennial",200,1327.565,264.062760499113,18.6720568607762
"Festuca indigesta","perennial",26,1259.38461538462,255.644765551431,50.1360633882538
"Festuca intercedens","perennial",4,663,19.0787840283389,9.53939201416946
"Festuca javorkae","perennial",NA,NA,NA,NA
"Festuca jubata","perennial",NA,NA,NA,NA
"Festuca kerguelensis","no_life_form_on_database",NA,NA,NA,NA
"Festuca kingii","perennial",14,1495.21428571429,309.021826107783,82.5895570236114
"Festuca kolymensis","perennial",11,602.090909090909,102.816783207271,31.0004265499846
"Festuca laevigata","perennial",NA,NA,NA,NA
"Festuca lemanii","perennial",10,816,68.1680928946152,21.5566437296924
"Festuca lenensis","perennial",106,666.896226415094,193.48738997894,18.7931566430951
"Festuca ligulata","perennial",4,2107.25,135.708940997514,67.8544704987569
"Festuca longifolia","perennial",6,881.166666666667,140.179052167814,57.2278584063547
"Festuca longivaginata","perennial",NA,NA,NA,NA
"Festuca luciarum","perennial",1,1057,NA,NA
"Festuca madida","perennial",NA,NA,NA,NA
"Festuca mairei","no_life_form_on_database",6,1408.16666666667,386.224502934066,157.675493058088
"Festuca marginata","perennial",10,1220.7,273.216255413587,86.3985660889243
"Festuca matthewsii subsp. aquilonia","no_life_form_on_database",2,1050,11.3137084989848,8
"Festuca modesta","perennial",11,1096.18181818182,106.539962626066,32.12300738265
"Festuca molokaiensis","perennial",NA,NA,NA,NA
"Festuca multinodis","perennial",6,1131.33333333333,55.0551238911209,22.4761602098263
"Festuca nardifolia","perennial",5,1755.2,214.131268151104,95.7624143388208
"Festuca nevadensis","perennial",11,1412,217.17642597667,65.4811562068189
"Festuca nigrescens","perennial",60,912.716666666667,153.14412085161,19.7708209875953
"Festuca norica","perennial",NA,NA,NA,NA
"Festuca novae-zealandiae","no_life_form_on_database",NA,NA,NA,NA
"Festuca occidentalis","perennial",147,1101.72789115646,298.709268050884,24.6371251883734
"Festuca orthophylla","no_life_form_on_database",31,1723.1935483871,213.884146109498,38.4147266607353
"Festuca ovina","perennial",869,805.432681242808,304.596343357774,10.3327232424569
"Festuca pallens","perennial",43,879.883720930233,70.3901404426736,10.734395783019
"Festuca paniculata","no_life_form_on_database",50,1185.12,268.396876407506,37.957050271407
"Festuca parodiana","perennial",4,1720.75,107.220567056885,53.6102835284426
"Festuca parvigluma","perennial",109,1137.03669724771,150.782460825835,14.4423404329314
"Festuca petraea","perennial",NA,NA,NA,NA
"Festuca plicata","perennial",12,1513.25,90.0021464390509,25.9813817371151
"Festuca pratensis","no_life_form_on_database",194,952.561855670103,282.374661614542,20.2733192093084
"Festuca pseudeskia","perennial",1,1670,NA,NA
"Festuca pseudodalmatica","perennial",36,1055.55555555556,189.680399536309,31.6133999227182
"Festuca pseudovina","no_life_form_on_database",35,933,94.9142027430718,16.0434284564944
"Festuca pulchella","perennial",11,738.636363636364,78.2793366441907,23.6021080442454
"Festuca purpurascens","perennial",14,1069,293.247860507639,78.373787387433
"Festuca pyrenaica","perennial",4,1045.75,46.9139282800606,23.4569641400303
"Festuca quadriflora","perennial",19,827.947368421053,104.479383231659,23.9692143784347
"Festuca queriana","perennial",2,1135.5,0.707106781186548,0.5
"Festuca richardsonii","perennial",111,472.135135135135,155.280712756929,14.7385930099386
"Festuca rifana","perennial",1,1525,NA,NA
"Festuca rigescens","perennial",16,1431.5625,253.173450095648,63.2933625239119
"Festuca rivularis","perennial",21,1199.28571428571,222.743606610188,48.6066398980311
"Festuca roemeri","no_life_form_on_database",32,1203.5,305.658358724352,54.0332745450849
"Festuca rothmaleri","perennial",20,1258.95,186.262258515697,41.6495071683738
"Festuca rubra","perennial",1599,830.523452157599,325.577637117983,8.14198569616181
"Festuca rupicaprina","perennial",NA,NA,NA,NA
"Festuca saximontana","perennial",322,888.577639751553,306.721303674435,17.0929099870471
"Festuca scabriculmis","perennial",NA,NA,NA,NA
"Festuca scariosa","perennial",NA,NA,NA,NA
"Festuca sibirica","perennial",42,817.47619047619,159.659429930153,24.6359848912605
"Festuca simensis","perennial",8,1406.875,252.823166603515,89.3864877732008
"Festuca spectabilis","perennial",NA,NA,NA,NA
"Festuca stricta","perennial",NA,NA,NA,NA
"Festuca subulata","perennial",77,1117.92207792208,319.986503261168,36.4658463709466
"Festuca subuliflora","perennial",29,1202.44827586207,294.424448980779,54.673247621078
"Festuca subverticillata","perennial",242,1196.01652892562,234.704704854521,15.0873898526381
"Festuca summilusitana","perennial",9,1177.88888888889,136.257517631546,45.4191725438487
"Festuca tatrae","perennial",1,696,NA,NA
"Festuca thermarum","no_life_form_on_database",12,1072.91666666667,348.395923766295,100.573240185519
"Festuca thurberi","perennial",41,1466.75609756098,242.829547263899,37.9236038939102
"Festuca tolucensis","perennial",14,1472.71428571429,310.48805961717,82.9814244122636
"Festuca Tourn.","no_life_form_on_database",NA,NA,NA,NA
"Festuca trichophylla","perennial",NA,NA,NA,NA
"Festuca triflora","no_life_form_on_database",NA,NA,NA,NA
"Festuca ulochaeta","perennial",18,1206.16666666667,125.916522300432,29.6788089273543
"Festuca ultramafica","perennial",NA,NA,NA,NA
"Festuca vaginalis","no_life_form_on_database",4,944.25,160.746954351656,80.3734771758279
"Festuca vaginata","perennial",6,1044.16666666667,64.2912643106874,26.2467987465985
"Festuca valentina","perennial",7,1458.57142857143,167.735761584361,63.3981587320345
"Festuca valesiaca","perennial",330,1021.39393939394,203.99645973952,11.2296355193635
"Festuca violacea","perennial",12,889.833333333333,126.090035172082,36.3990578743656
"Festuca viviparoidea","perennial",52,558.384615384615,156.069511140685,21.6429471136283
"Festuca wagneri","perennial",NA,NA,NA,NA
"Festuca yalaensis","perennial",1,1595,NA,NA
"Gastridium ventricosum","annual",116,1391.69827586207,259.815159039204,24.1232319106547
"Gaudinia coarctata","annual",1,1295,NA,NA
"Gaudinia fragilis","annual",NA,NA,NA,NA
"Gaudinia hispanica","annual",2,1367.5,474.468650176173,335.5
"Glyceria acutiflora","perennial",65,1203.15384615385,114.150015162235,14.1585668340019
"Glyceria alnasteretum","perennial",30,742.066666666667,212.735538158067,38.8400176773914
"Glyceria arkansana","perennial",6,1454,143.423847389477,58.552540508504
"Glyceria australis","perennial",59,1460.10169491525,256.860736111416,33.440419508078
"Glyceria borealis","perennial",397,974.045340050378,308.015123201616,15.4588358991694
"Glyceria canadensis","perennial",254,883.433070866142,171.592061074323,10.7666434836705
"Glyceria declinata","perennial",155,1000.46451612903,312.408496263968,25.0932542712583
"Glyceria elata","perennial",162,1258.32716049383,339.547668243029,26.6773843056363
"Glyceria fluitans","perennial",427,835.501170960187,228.67649797547,11.0664313733172
"Glyceria grandis","perennial",432,1048.40509259259,294.000592312787,14.1451100928081
"Glyceria leptostachya","perennial",25,1135.08,331.952295769538,66.3904591539075
"Glyceria lithuanica","perennial",216,743.944444444444,99.1807683283486,6.74839651949012
"Glyceria maxima","perennial",278,818.23381294964,124.254568695588,7.45229380016037
"Glyceria melicaria","perennial",100,963.64,171.824465279793,17.1824465279793
"Glyceria nemoralis","perennial",42,878.285714285714,144.792582634825,22.3419805502166
"Glyceria notata","perennial",304,946.427631578947,255.944703237172,14.6794354808598
"Glyceria occidentalis","perennial",34,1386.70588235294,404.157899642129,69.3125079627932
"Glyceria septentrionalis","perennial",121,1200.40495867769,228.133169388422,20.7393790353111
"Glyceria spiculosa","perennial",NA,NA,NA,NA
"Glyceria striata","perennial",738,1174.29674796748,354.203293151694,13.0384034011593
"Graphephorum wolfii","perennial",21,1250.28571428571,281.602404616357,61.4506826207637
"Hainardia cylindrica","no_life_form_on_database",178,1583.22471910112,323.793763364002,24.2693686340547
"Helictochloa adsurgens","no_life_form_on_database",NA,NA,NA,NA
"Helictochloa armeniaca","perennial",NA,NA,NA,NA
"Helictochloa blaui","perennial",2,938,89.095454429505,63
"Helictochloa pratensis","perennial",48,893.9375,274.847764922654,39.6708577660654
"Helictotrichon aetolicum","no_life_form_on_database",5,1110.2,42.6696613532379,19.0824526725471
"Helictotrichon albinerve","no_life_form_on_database",1,1775,NA,NA
"Helictotrichon bromoides","no_life_form_on_database",3,1572.66666666667,175.91001487503,101.56169444125
"Helictotrichon canescens","no_life_form_on_database",NA,NA,NA,NA
"Helictotrichon cantabricum","perennial",12,1174.75,175.922051437045,50.7843218767845
"Helictotrichon cincinnatum","no_life_form_on_database",NA,NA,NA,NA
"Helictotrichon compressum","no_life_form_on_database",5,1192.4,111.594354695925,49.9065126010624
"Helictotrichon convolutum","perennial",18,1377.61111111111,154.482490494169,36.4118722010044
"Helictotrichon desertorum","perennial",86,851.453488372093,109.932455944735,11.8543215895856
"Helictotrichon filifolium","perennial",22,1542.63636363636,143.307709377757,30.5533062986193
"Helictotrichon hackelii","no_life_form_on_database",NA,NA,NA,NA
"Helictotrichon hookeri","no_life_form_on_database",119,893.159663865546,140.44807130071,12.8748535871872
"Helictotrichon jahandiezii","no_life_form_on_database",2,1690,120.208152801713,85
"Helictotrichon krischae","perennial",NA,NA,NA,NA
"Helictotrichon leve","no_life_form_on_database",1,1214,NA,NA
"Helictotrichon macrostachyum","perennial",NA,NA,NA,NA
"Helictotrichon marginatum","no_life_form_on_database",1,1775,NA,NA
"Helictotrichon mortonianum","perennial",14,1143.07142857143,151.224471099557,40.4164399536171
"Helictotrichon parlatorei","perennial",15,872.6,117.819959502382,30.4209827335704
"Helictotrichon petzense","perennial",NA,NA,NA,NA
"Helictotrichon pratense","no_life_form_on_database",24,920.333333333333,206.340720056956,42.1191231081675
"Helictotrichon pruinosum","no_life_form_on_database",1,1775,NA,NA
"Helictotrichon pubescens","no_life_form_on_database",142,828.246478873239,103.748139289114,8.7063504449393
"Helictotrichon requienii","no_life_form_on_database",NA,NA,NA,NA
"Helictotrichon sarracenorum","perennial",3,1641,124.711667457379,72.0023147776051
"Helictotrichon scabrivalve","no_life_form_on_database",NA,NA,NA,NA
"Helictotrichon sedenense","perennial",18,1142.22222222222,310.332754153753,73.1461316288055
"Helictotrichon sempervirens","perennial",5,1036.2,144.42714426312,64.5897824737009
"Helictotrichon setaceum var. setaceum","no_life_form_on_database",NA,NA,NA,NA
"Helictotrichon versicolor","no_life_form_on_database",NA,NA,NA,NA
"Henrardia persica","annual",3,1510.66666666667,187.793326114996,108.422527384508
"Heteranthelium piliferum","annual",9,2140.22222222222,344.287589733415,114.762529911138
"Hierochloe alpina","no_life_form_on_database",418,545.476076555024,149.280884241477,7.30156671919296
"Hierochloe brunonis","no_life_form_on_database",2,539.5,27.5771644662754,19.5
"Hierochloe equiseta","no_life_form_on_database",5,1083.6,41.5728276642328,18.5919337348217
"Hierochloe fusca","no_life_form_on_database",3,822,216.723325925014,125.125270562478
"Hierochloe novae-zelandiae","no_life_form_on_database",15,1016.26666666667,85.1473233088784,21.984944343295
"Hierochloe occidentalis","no_life_form_on_database",14,1332.42857142857,192.548381247101,51.4607195003273
"Hierochloe odorata","no_life_form_on_database",569,779.107205623902,248.503246430947,10.4177980300006
"Hierochloe pauciflora","no_life_form_on_database",63,350.47619047619,104.142250287436,13.1206902492952
"Hierochloe redolens","no_life_form_on_database",68,1088.38235294118,209.701139820799,25.4299985086345
"Holcus annuus","annual",19,1584.84210526316,173.304569138296,39.7587949119837
"Holcus azoricus","perennial",NA,NA,NA,NA
"Holcus gayanus","annual",13,1185.38461538462,117.208886510038,32.5078961732295
"Holcus lanatus","perennial",373,1013.48793565684,303.570159804868,15.7182670599264
"Holcus mollis","perennial",235,859.753191489362,232.60271772988,15.1733282643727
"Holcus rigidus","perennial",NA,NA,NA,NA
"Hordelymus europaeus","no_life_form_on_database",NA,NA,NA,NA
"Hordeum arizonicum","annual",19,2260.31578947368,387.781160024795,88.963099408266
"Hordeum bogdanii","perennial",41,1371.12195121951,297.037303644,46.3894331313316
"Hordeum brachyantherum","perennial",264,1270.11742424242,467.266622417308,28.7582726191117
"Hordeum brevisubulatum","perennial",196,977.362244897959,255.137723297229,18.2241230926592
"Hordeum bulbosum","perennial",107,1497.6261682243,328.964571223232,31.8022054604759
"Hordeum californicum","perennial",11,1596.27272727273,211.547673543857,63.784023492506
"Hordeum capense","perennial",23,1873.69565217391,231.109268682903,48.1896137425746
"Hordeum chilense","perennial",17,1347.70588235294,194.432431935198,47.1567914067374
"Hordeum comosum","perennial",65,1447.47692307692,267.062498987381,33.1250261806305
"Hordeum cordobense","perennial",30,1755,169.707253009817,30.984163548571
"Hordeum depressum","annual",33,1751,331.227829446742,57.6593641373825
"Hordeum erectifolium","perennial",2,1752,5.65685424949238,4
"Hordeum euclaston","annual",54,1703.31481481481,136.700171022249,18.6025370419837
"Hordeum flexuosum","perennial",25,1520.12,180.669200474237,36.1338400948474
"Hordeum fuegianum","perennial",1,722,NA,NA
"Hordeum guatemalense","perennial",NA,NA,NA,NA
"Hordeum intercedens","no_life_form_on_database",18,1784.83333333333,280.838293433826,66.1942205679719
"Hordeum jubatum","annual",718,1183.23537604457,504.120460053644,18.813608474999
"Hordeum lechleri","perennial",50,1276.44,367.721010039527,52.0036039567432
"Hordeum marinum","annual",120,1372.91666666667,316.841597709669,28.9235483702605
"Hordeum murinum subsp. glaucum","annual",39,1946,611.780103253483,97.9632184686658
"Hordeum muticum","perennial",35,1607.51428571429,289.676023031468,48.9641846715762
"Hordeum parodii","perennial",32,1477.03125,281.23489027513,49.7157745049498
"Hordeum patagonicum","perennial",8,1436.75,288.21061247438,101.897839245281
"Hordeum procerum","perennial",15,1814.73333333333,136.505084503245,35.2454612635803
"Hordeum pubiflorum","perennial",30,1285.46666666667,278.338262741124,50.8173817067045
"Hordeum pusillum","annual",308,1694.61363636364,361.473455050232,20.5968616561907
"Hordeum roshevitzii","perennial",30,1136.1,270.849029076576,49.4500409678712
"Hordeum secalinum","perennial",90,1059.41111111111,304.646226746142,32.1125319031305
"Hordeum stenostachys","perennial",93,1691.5376344086,225.617633404481,23.3954587319844
"Hordeum tetraploidum","perennial",10,1428.6,260.203424693493,82.2835477007538
"Hordeum vulgare","annual",NA,NA,NA,NA
"Hystrix californica","no_life_form_on_database",NA,NA,NA,NA
"Hystrix coreana","no_life_form_on_database",1,698,NA,NA
"Hystrix duthiei","no_life_form_on_database",12,1068.66666666667,159.04163739173,45.911366080237
"Hystrix gracilis","no_life_form_on_database",NA,NA,NA,NA
"Hystrix komarovii","no_life_form_on_database",NA,NA,NA,NA
"Hystrix laevis","no_life_form_on_database",NA,NA,NA,NA
"Hystrix patula","no_life_form_on_database",77,1088.84415584416,180.365642145926,20.5545725524625
"Koeleria asiatica","perennial",77,455.012987012987,177.275023733307,20.2023638965437
"Koeleria capensis","perennial",56,1614.26785714286,260.264305593821,34.7792807692396
"Koeleria caudata","perennial",NA,NA,NA,NA
"Koeleria digorica","no_life_form_on_database",NA,NA,NA,NA
"Koeleria lobata","no_life_form_on_database",NA,NA,NA,NA
"Koeleria loweana","perennial",NA,NA,NA,NA
"Koeleria macrantha","annual",749,1242.1308411215,384.453037363379,14.0476082536293
"Koeleria pyramidata","perennial",390,935.574358974359,177.521361498126,8.98914356437216
"Koeleria vallesiana","perennial",19,1373.73684210526,249.041906804918,57.1341318141742
"Lagurus ovatus","annual",105,1490.46666666667,250.87366827927,24.4827631174606
"Lamarckia aurea","annual",93,1630.56989247312,218.425910125422,22.6497117677591
"Leymus ajanensis","perennial",19,458.842105263158,106.236770762238,24.3723867284575
"Leymus akmolinensis","perennial",5,1169.6,255.458020034604,114.244299638975
"Leymus alaicus","perennial",NA,NA,NA,NA
"Leymus ambiguus","perennial",12,1627.33333333333,229.547116705653,66.2645448108557
"Leymus angustus","perennial",31,1109.90322580645,253.85525466805,45.593749685739
"Leymus arenarius","perennial",185,659.383783783784,139.875172443289,10.2838272048199
"Leymus cappadocicus","perennial",NA,NA,NA,NA
"Leymus chinensis","perennial",107,1084.8691588785,283.64324803009,27.4208277742118
"Leymus cinereus","perennial",176,1509.875,329.98149948141,24.8732913986067
"Leymus condensatus","perennial",29,1729.31034482759,305.87533682021,56.7996241108485
"Leymus erianthus","perennial",35,1614.51428571429,284.988170180548,48.171792915077
"Leymus flavescens","perennial",11,1487.72727272727,146.616568578787,44.206558729568
"Leymus innovatus","perennial",164,737.701219512195,192.042274866569,14.9959822537789
"Leymus karelinii","perennial",NA,NA,NA,NA
"Leymus mollis","perennial",150,681.72,267.481520907231,21.8397747282102
"Leymus multicaulis","perennial",10,1361.6,288.949130471092,91.3737380213812
"Leymus paboanus","perennial",52,977.942307692308,194.898104444704,27.0275041948506
"Leymus pseudoracemosus","perennial",NA,NA,NA,NA
"Leymus racemosus","perennial",78,1027.17948717949,158.931067601914,17.995399785773
"Leymus ramosus","perennial",49,1013,189.603973235443,27.0862818907776
"Leymus salina","perennial",36,1754.05555555556,275.923068413171,45.9871780688619
"Leymus secalinus","perennial",178,1124.44943820225,320.126105492448,23.9944660541422
"Leymus tianschanicus","perennial",NA,NA,NA,NA
"Leymus triticoides","perennial",139,1715.96402877698,377.872312036674,32.0507111902082
"Littledalea alaica","perennial",NA,NA,NA,NA
"Littledalea tibetica","perennial",4,1031.75,245.63166869658,122.81583434829
"Lolium canariense","annual",8,1826.75,114.84865817986,40.6051325045774
"Lolium multiflorum","annual",139,1333.84892086331,297.31449980165,25.2178867365097
"Lolium perenne","annual",605,1000.37851239669,322.080011244844,13.0944145334067
"Lolium persicum","annual",16,1704.5,368.804916814658,92.2012292036645
"Lolium remotum","annual",1,2411,NA,NA
"Lolium rigidum","annual",176,1510.38068181818,358.124044705328,26.9946155611827
"Lolium temulentum","annual",158,1277.56329113924,445.22248690705,35.4199992537737
"Lycochloa avenacea","perennial",NA,NA,NA,NA
"Lygeum spartum","perennial",48,1742.16666666667,278.538994812586,40.2036409087135
"Megalachne berteroniana","perennial",NA,NA,NA,NA
"Megalachne masafuerana","no_life_form_on_database",NA,NA,NA,NA
"Melica altissima","perennial",101,975.554455445545,140.651162472802,13.9953137506705
"Melica bulbosa","perennial",95,1385.16842105263,298.310121818545,30.6059727193713
"Melica californica","perennial",37,1771.21621621622,370.454535757174,60.9023505211556
"Melica ciliata","perennial",203,1187.12807881773,296.061144590758,20.7794187367309
"Melica cupani","perennial",9,1585.66666666667,223.469796616903,74.4899322056343
"Melica imperfecta","perennial",48,1917.875,356.329373389881,51.4317149117047
"Melica mutica","perennial",101,1518.05940594059,163.739416255352,16.292680867735
"Melica nutans","perennial",567,783.455026455026,196.322221088804,8.2447583148701
"Melica onoei","perennial",58,1142.36206896552,156.016496909542,20.4859696764618
"Melica picta","perennial",71,955.225352112676,116.475527433645,13.8231019586704
"Melica sabinei","no_life_form_on_database",NA,NA,NA,NA
"Melica scabrosa","perennial",68,1258.27941176471,168.121743875764,20.3877561165533
"Melica transsilvanica","perennial",175,1053.66857142857,195.118042331686,14.7495376088976
"Melica uniflora","perennial",219,988.767123287671,228.098573606097,15.4134732145246
"Metcalfia compacta","no_life_form_on_database",NA,NA,NA,NA
"Metcalfia mexicana","perennial",14,1958.21428571429,82.2951335802368,21.9942996040029
"Mibora minima","annual",9,1425.88888888889,354.836738671619,118.27891289054
"Micropyropsis tuberosa","no_life_form_on_database",NA,NA,NA,NA
"Micropyrum patens","annual",NA,NA,NA,NA
"Micropyrum tenellum","no_life_form_on_database",92,1348.80434782609,250.54227951993,26.120838305311
"Milium effusum","perennial",818,816.134474327628,204.749807644615,7.15890914250515
"Milium vernale","annual",72,1347.41666666667,235.169447450311,27.7149851700014
"Narduroides salzmannii","no_life_form_on_database",34,1503.79411764706,160.415706064675,27.5110666247283
"Nardus stricta","perennial",435,770.103448275862,210.189427099889,10.0778116654634
"Nassella cabrerae","perennial",4,1856,178.321806481055,89.1609032405273
"Nassella chilensis","perennial",16,1404.25,211.143710933257,52.7859277333142
"Nassella meyeniana","perennial",14,1548.57142857143,315.797820980867,84.400517828584
"Nassella meyeri","perennial",7,1910.28571428571,188.011271192017,71.0615810358855
"Nassella nidulans","perennial",4,1801.25,159.932016807142,79.9660084035711
"Nassella novari","perennial",3,1892,26.8514431641951,15.502687938978
"Nassella pampagrandensis","perennial",8,1776.5,171.83796354207,60.7538946429421
"Nassella pubiflora","perennial",38,1453.21052631579,284.027040765843,46.0752701926001
"Nassella punensis","perennial",6,1907.66666666667,32.9221303482424,13.4404034330984
"Nassella trichotoma","perennial",48,1627.85416666667,192.793681981689,27.8273710475469
"Neuropoa fax","no_life_form_on_database",NA,NA,NA,NA
"Oreochloa disticha","perennial",24,760.458333333333,143.788788087633,29.3507634623234
"Ortachne breviseta","perennial",3,1172,222.569090396668,128.500324253806
"Ortachne erectifolia","no_life_form_on_database",NA,NA,NA,NA
"Ortachne rariflora","perennial",7,847.428571428571,472.221295984152,178.482873280384
"Oryzopsis aequiglumis","no_life_form_on_database",NA,NA,NA,NA
"Oryzopsis alpestris","no_life_form_on_database",NA,NA,NA,NA
"Oryzopsis angustifolia","no_life_form_on_database",NA,NA,NA,NA
"Oryzopsis asperifolia","perennial",266,946.860902255639,201.43694976282,12.3508918325442
"Oryzopsis canadensis","no_life_form_on_database",63,694.206349206349,104.498519626829,13.1655759669995
"Oryzopsis chinensis","perennial",17,1271.35294117647,152.972195666594,37.1012070891777
"Oryzopsis coerulescens","no_life_form_on_database",NA,NA,NA,NA
"Oryzopsis contracta","no_life_form_on_database",NA,NA,NA,NA
"Oryzopsis exigua","no_life_form_on_database",36,1121.44444444444,223.762430709057,37.2937384515094
"Oryzopsis ferganensis","no_life_form_on_database",NA,NA,NA,NA
"Oryzopsis gracilis","no_life_form_on_database",5,1266.8,126.935810550057,56.7674202337925
"Oryzopsis hendersonii","no_life_form_on_database",NA,NA,NA,NA
"Oryzopsis hilariae","no_life_form_on_database",NA,NA,NA,NA
"Oryzopsis holciformis","no_life_form_on_database",NA,NA,NA,NA
"Oryzopsis hymenoides","no_life_form_on_database",67,1797.07462686567,539.567596614314,65.9186734710377
"Oryzopsis lateralis","no_life_form_on_database",7,1577.14285714286,383.045440546953,144.777568074916
"Oryzopsis latifolia","no_life_form_on_database",NA,NA,NA,NA
"Oryzopsis micrantha","no_life_form_on_database",48,1613.33333333333,423.125721135604,61.0729372496739
"Oryzopsis miliacea","no_life_form_on_database",25,1479.8,260.061370962061,52.0122741924122
"Oryzopsis molinioides","no_life_form_on_database",NA,NA,NA,NA
"Oryzopsis munroi","no_life_form_on_database",25,1105.36,245.491323675604,49.0982647351207
"Oryzopsis obtusa","no_life_form_on_database",3,1136.33333333333,54.884727687521,31.6877123047896
"Oryzopsis paradoxa","no_life_form_on_database",NA,NA,NA,NA
"Oryzopsis pungens","no_life_form_on_database",92,805.173913043478,161.781402420474,16.8668771655184
"Oryzopsis racemosa","no_life_form_on_database",4,880,62.5779513886481,31.288975694324
"Oryzopsis sogdiana","no_life_form_on_database",NA,NA,NA,NA
"Oryzopsis songarica","no_life_form_on_database",5,1370.2,145.585713584816,65.1079104256925
"Oryzopsis sphacelata","no_life_form_on_database",NA,NA,NA,NA
"Oryzopsis swallenii","no_life_form_on_database",3,1261.66666666667,52.6909226843992,30.4211183956876
"Oryzopsis vicaria","no_life_form_on_database",NA,NA,NA,NA
"Oryzopsis virescens","no_life_form_on_database",6,1244.5,198.281365740707,80.9480285944836
"Oryzopsis webberi","no_life_form_on_database",NA,NA,NA,NA
"Pappostipa chrysophylla","perennial",11,1534.63636363636,288.934689065634,87.1170865953373
"Pappostipa vaginata","perennial",26,1802.76923076923,200.960156785828,39.4115292656001
"Parapholis incurva","annual",109,1514.10091743119,269.852598480278,25.8471911959639
"Periballia involucrata","annual",27,1374.85185185185,176.755742742895,34.0166585511409
"Periballia laevis","no_life_form_on_database",NA,NA,NA,NA
"Peyritschia deyeuxioides","perennial",38,1741.31578947368,234.857185501726,38.0988663948612
"Peyritschia pringlei","perennial",34,1796.67647058824,232.859525945428,39.9350792365962
"Phaenosperma globosum","perennial",55,1170.4,111.089486784637,14.9793033422629
"Phalaris amethystina","annual",3,1493.33333333333,95.9235806949122,55.3815051358404
"Phalaris angusta","annual",127,1596.16535433071,276.556052580164,24.5403813475434
"Phalaris aquatica","perennial",60,1496.53333333333,221.365367636179,28.5781460760667
"Phalaris arundinacea","perennial",1284,989.106697819315,329.500134397136,9.19545205242181
"Phalaris brachystachys","annual",65,1532.49230769231,259.826512015525,32.2275124570854
"Phalaris californica","annual",14,1556.71428571429,307.616751712364,82.2140350957122
"Phalaris canariensis","annual",6,1763.5,168.030651965646,68.5982264105033
"Phalaris caroliniana","annual",162,1842.94444444444,367.521702574629,28.8752320137495
"Phalaris coerulescens","perennial",84,1500.77380952381,211.801814115038,23.1094725121697
"Phalaris lemmonii","annual",23,1809.5652173913,220.064623997538,45.8866461275372
"Phalaris lindigii","perennial",NA,NA,NA,NA
"Phalaris maderensis","annual",NA,NA,NA,NA
"Phalaris minor","annual",143,1662.00699300699,333.15923732585,27.8601750273798
"Phalaris paradoxa","annual",95,1577.76842105263,277.429977848794,28.4637151492327
"Phalaris peruviana","perennial",NA,NA,NA,NA
"Phalaris platensis","annual",9,1511,102.06248086344,34.0208269544799
"Phalaris truncata","perennial",NA,NA,NA,NA
"Phippsia algida","perennial",267,367.775280898876,171.15976044969,10.4748072300329
"Phippsia concinna","perennial",67,300.119402985075,130.880991789333,15.9896580437049
"Phleum alpinum","perennial",737,833.710990502035,337.43646229814,12.4296318427095
"Phleum phleoides","perennial",NA,NA,NA,NA
"Phleum pratense","perennial",614,822.456026058632,214.040490721635,8.6379712138405
"Piptochaetium avenaceum","perennial",101,1465.15841584158,200.169115133842,19.9175713889598
"Piptochaetium avenacioides","perennial",6,1755.5,63.9617072942866,26.1122576580425
"Piptochaetium bicolor","perennial",23,1452.4347826087,170.082019274915,35.4645525907529
"Piptochaetium brachyspermum","perennial",NA,NA,NA,NA
"Piptochaetium calvescens","perennial",2,1593,52.3259018078045,37
"Piptochaetium featherstonei","perennial",NA,NA,NA,NA
"Piptochaetium fimbriatum","perennial",102,1933.02941176471,249.932880331776,24.7470427369591
"Piptochaetium hackelii","perennial",6,1513.66666666667,164.832844623475,67.2927270298293
"Piptochaetium indutum","perennial",8,1450,395.662915696105,139.887965376378
"Piptochaetium lasianthum","perennial",27,1573.85185185185,195.190381167426,37.5644063700796
"Piptochaetium leiopodum","perennial",3,1477,127.314571043538,73.5051018637482
"Piptochaetium medium","perennial",14,1590.92857142857,168.037296357187,44.9098565120278
"Piptochaetium montevidense","perennial",99,1500.54545454545,225.957250459574,22.7095581343868
"Piptochaetium napostaense","perennial",36,1719.94444444444,186.786653613833,31.1311089356388
"Piptochaetium panicoides","perennial",30,1388.56666666667,254.915764766396,46.5410382087453
"Piptochaetium ruprechtianum","perennial",15,1437.13333333333,173.352599661856,44.7594487674754
"Piptochaetium sagasteguii","perennial",1,1266,NA,NA
"Piptochaetium seleri","perennial",17,1693.11764705882,229.745479376891,55.7214634399463
"Piptochaetium setosum","no_life_form_on_database",3,1301.66666666667,255.24563332863,147.366135111761
"Piptochaetium stipoides","perennial",21,1561.42857142857,197.311066954839,43.0568047510977
"Piptochaetium tovarii","perennial",NA,NA,NA,NA
"Piptochaetium uruguense","perennial",20,1549.45,170.20343091353,38.0586441526343
"Piptochaetium virescens","perennial",45,1746.42222222222,206.335945056169,30.7587466231503
"Pleuropogon refractus","perennial",10,877.6,119.125703915374,37.670855224342
"Poa abbreviata","perennial",122,277.418032786885,170.308462986116,15.4190037538026
"Poa acicularifolia","perennial",3,1049.33333333333,69.2555653600007,39.9847193034761
"Poa acinaciphylla","perennial",1,1239,NA,NA
"Poa acroleuca","annual",101,1157.47524752475,159.546519489421,15.8754720460537
"Poa affinis","perennial",11,1430.36363636364,167.42417551075,50.4802882730698
"Poa alpina","perennial",815,712.830674846626,272.969723715413,9.56171238002726
"Poa alsodes","perennial",138,977.405797101449,135.713396897783,11.5526915420692
"Poa ammophila","no_life_form_on_database",2,255.5,0.707106781186548,0.5
"Poa amplexicaulis","perennial",1,1400,NA,NA
"Poa anceps","perennial",10,1093,99.274031515464,31.3932052096203
"Poa andina","no_life_form_on_database",5,1140,93.7683315410912,41.9344726925235
"Poa annua","annual",841,974.384066587396,369.28385479532,12.7339260274248
"Poa arachnifera","perennial",48,1879.52083333333,247.849129605289,35.773940424007
"Poa arctica","perennial",630,528.512698412698,242.474089869841,9.66039897449177
"Poa arida","perennial",144,1471.05555555556,408.837269553441,34.0697724627868
"Poa astonii","perennial",4,955,101.72839655999,50.8641982799952
"Poa atropidiformis","perennial",NA,NA,NA,NA
"Poa attenuata","perennial",273,877.923076923077,234.92204107877,14.2181287291623
"Poa autumnalis","perennial",89,1459.29213483146,141.728309407246,15.0231707508567
"Poa badensis","perennial",31,915.870967741935,118.323776685129,21.2515776484812
"Poa bradei","perennial",3,1188.66666666667,45.6544995956952,26.3586376312923
"Poa breviglumis","perennial",26,1034.57692307692,113.546174951664,22.2682369912444
"Poa bulbosa","perennial",467,1230.70021413276,381.406292188506,17.6493783501776
"Poa cenisia","perennial",41,1029.68292682927,245.851117449605,38.3954938766223
"Poa chaixii","perennial",87,873.126436781609,162.420986486074,17.413357553244
"Poa chathamica","perennial",1,885,NA,NA
"Poa cheelii","perennial",12,1507.66666666667,130.741475184171,37.7418129459151
"Poa chonotica","no_life_form_on_database",7,1215.85714285714,418.832276920579,158.303720825541
"Poa cita","perennial",24,1104.04166666667,76.1996685869015,15.5541922172577
"Poa clelandii","perennial",47,1458.6170212766,297.691009429714,43.4226965594649
"Poa cockayneana","perennial",5,1106.2,83.2898553246432,37.248355668405
"Poa colensoi","perennial",33,1081.87878787879,81.303350782639,14.1530967255857
"Poa compressa","perennial",417,926.611510791367,237.916977402652,11.6508445095266
"Poa cookii","perennial",2,628,236.173664916307,167
"Poa costiniana","perennial",22,1136.81818181818,220.506049234296,47.0120476574974
"Poa curtifolia","perennial",1,1125,NA,NA
"Poa cusickii","perennial",126,1200.38888888889,298.719961762778,26.612089321584
"Poa densa","perennial",3,1286,56.3471383479232,32.5320354932386
"Poa dipsacea","perennial",3,1103,36.3730669589464,21
"Poa drummondiana","perennial",55,1956.21818181818,236.541413718698,31.8952377192015
"Poa eminens","no_life_form_on_database",70,612.642857142857,142.366544241457,17.016056668946
"Poa ensiformis","perennial",17,1252.17647058824,145.021220556733,35.1728123712592
"Poa exigua","perennial",NA,NA,NA,NA
"Poa fawcettiae","perennial",14,1129.28571428571,223.882327804802,59.8350689713558
"Poa fendleriana","perennial",200,1665.09,427.036206319251,30.196019730052
"Poa flabellata","perennial",3,585.666666666667,100.530260784171,58.0411731254441
"Poa flexuosa","perennial",58,537.155172413793,111.685775017223,14.6650607186851
"Poa foliosa","perennial",3,743,284.691060625373,164.366460487939
"Poa fordeana","perennial",74,2147.25675675676,392.340014015339,45.6086002140001
"Poa glauca","perennial",930,617.10752688172,273.263124964478,8.96065086593817
"Poa granitica","perennial",1,658,NA,NA
"Poa gymnantha","perennial",30,1442.36666666667,252.209475516345,46.046939652283
"Poa hartzii subsp. hartzii","no_life_form_on_database",41,297.317073170732,108.80681022445,16.992768871852
"Poa helmsii","perennial",15,1289.46666666667,134.883477049461,34.8267640194074
"Poa hesperia","perennial",5,1069.2,57.1900340968599,25.5761607752219
"Poa hiemata","perennial",14,1163.78571428571,245.601985262406,65.6398915973876
"Poa hisauchii","annual",47,1038.91489361702,154.166035534707,22.4874274625341
"Poa holciformis","perennial",18,1443.5,229.89799528333,54.1874771486786
"Poa homomalla","perennial",9,1964,517.30696882992,172.43565627664
"Poa hookeri","perennial",9,1208.55555555556,108.475931790318,36.1586439301061
"Poa howellii","annual",47,1480.14893617021,337.952851015808,49.2954897401101
"Poa hybrida","perennial",10,880.7,172.099486731754,54.4226362218272
"Poa iberica","perennial",8,1001.5,170.35676849315,60.2302131112664
"Poa imbecilla","perennial",21,1089.14285714286,86.5195271105233,18.8801086702741
"Poa infirma","annual",97,1512.53608247423,266.683999248786,27.0776575939752
"Poa interior","perennial",290,1007.61034482759,350.313438341902,20.5711134162082
"Poa intrusa","perennial",NA,NA,NA,NA
"Poa ircutica","no_life_form_on_database",NA,NA,NA,NA
"Poa iridifolia","perennial",5,1413.6,158.350244710894,70.8163822854571
"Poa kamczatensis","perennial",1,733,NA,NA
"Poa kelloggii","perennial",11,1445.54545454545,197.891568105548,59.6665527801059
"Poa keysseri","perennial",2,544.5,163.341666454092,115.5
"Poa kurtzii","perennial",19,1560.89473684211,279.589559242521,64.1422439161697
"Poa labillardierei","perennial",118,1638.91525423729,314.962148757489,28.9946159744861
"Poa laetevirens","perennial",12,1657.33333333333,329.022058761286,94.9804870975767
"Poa laxa","perennial",22,821.363636363636,139.97909553268,29.8436434423778
"Poa leptocoma","perennial",131,1006.52671755725,336.871062488632,29.4325613868032
"Poa lettermanii","perennial",56,870.571428571429,193.072276352934,25.800368178472
"Poa ligulata","perennial",29,1364.13793103448,195.557577224336,36.314130435758
"Poa lindebergii","perennial",3,497.666666666667,20.2566861389847,11.6952031952326
"Poa lindsayi","perennial",13,1122,81.9095029081893,22.7176086679418
"Poa litorosa","perennial",0,NA,NA,NA
"Poa longifolia","perennial",12,939.166666666667,96.043392970747,27.7253393927729
"Poa lowanensis","perennial",6,1788.66666666667,236.780629838394,96.6652873464812
"Poa macrantha","perennial",15,984.733333333333,242.066834533259,62.5013879210973
"Poa macrocalyx","perennial",60,619.9,114.081995489715,14.7279222877925
"Poa marcida","perennial",14,905.5,200.549917055005,53.5992198975542
"Poa meionectes","perennial",47,1584.23404255319,227.073078905751,33.1220127239881
"Poa nemoralis","perennial",1107,912.979223125565,298.209209852726,8.96287297674571
"Poa nervosa","perennial",44,1015.84090909091,196.761801830588,29.662957715742
"Poa novae-zelandiae","perennial",15,1036.06666666667,84.1728380575745,21.7333333333333
"Poa orba","perennial",1,1397,NA,NA
"Poa orthoclada","perennial",3,1357.66666666667,97.5773197691622,56.336291835528
"Poa palustris","perennial",1324,891.616314199396,286.792261533668,7.88176416809761
"Poa pannonica","perennial",NA,NA,NA,NA
"Poa paucispicula","perennial",206,608.368932038835,143.517347658232,9.99932742370582
"Poa phillipsiana","perennial",10,1194.4,134.413292993414,42.505215366274
"Poa pirinica","no_life_form_on_database",NA,NA,NA,NA
"Poa platyantha","perennial",21,550.428571428571,74.5081011894488,16.2590006470514
"Poa poiformis","perennial",64,1559.890625,353.001916321409,44.1252395401762
"Poa polychroa","no_life_form_on_database",NA,NA,NA,NA
"Poa polycolea","perennial",40,1076.625,214.890274624528,33.9771357416297
"Poa porphyroclados","perennial",16,1894,329.517627247264,82.3794068118159
"Poa porsildii","no_life_form_on_database",22,627.818181818182,36.6068382417904,7.80460413666366
"Poa pratensis","perennial",2193,955.689010487916,396.3041564831,8.46270712998982
"Poa pseudoabbreviata","perennial",76,522.631578947368,136.534815301716,15.6616174256624
"Poa pumila","perennial",6,990.666666666667,221.715733917705,90.5150693408439
"Poa pungionifolia","no_life_form_on_database",NA,NA,NA,NA
"Poa ramosissima","perennial",NA,NA,NA,NA
"Poa reflexa","annual",50,1244.68,204.545533077701,28.9271067001319
"Poa remota","perennial",229,717.2096069869,107.729598525795,7.11897225254049
"Poa robusta","no_life_form_on_database",4,744.25,451.306529238536,225.653264619268
"Poa sallacustris","perennial",2,1375,14.142135623731,10
"Poa saltuensis","perennial",143,919.216783216783,129.320441608233,10.8143186025474
"Poa scaberula","annual",41,1518.87804878049,322.30848539264,50.3361286523874
"Poa schischkinii","no_life_form_on_database",NA,NA,NA,NA
"Poa secunda","perennial",346,1379.56647398844,411.372277433549,22.1155106452635
"Poa sibirica","perennial",142,710.683098591549,201.797678669929,16.934485008735
"Poa sieberiana","perennial",58,1468.1724137931,290.750579666709,38.1774214679322
"Poa sinaica","perennial",15,1798.8,546.604610298889,141.132703509853
"Poa smirnowii","perennial",13,686.153846153846,120.04780030877,33.295269193841
"Poa spania","perennial",1,1193,NA,NA
"Poa stenantha","perennial",95,815.58947368421,231.169712674975,23.717512086227
"Poa stiriaca","perennial",6,832.166666666667,110.365604545378,45.0565693816611
"Poa stuckertii","perennial",6,1758.5,137.556897318891,56.1573681719505
"Poa subenervis","no_life_form_on_database",3,1225.66666666667,97.8280804949854,56.4810686080842
"Poa subfastigiata","no_life_form_on_database",8,1197.25,148.279417702814,52.4246908840263
"Poa subvestita","perennial",8,1049.5,41.2933754631764,14.5994129040471
"Poa sudicola","perennial",6,1065.5,95.797181586934,39.1090356141221
"Poa supina","annual",174,899.011494252874,296.908482980804,22.5085740069728
"Poa sylvestris","perennial",152,1324.69078947368,197.352115261145,16.0073703004125
"Poa tianschanica","perennial",NA,NA,NA,NA
"Poa tibetica","no_life_form_on_database",NA,NA,NA,NA
"Poa trichophylla","perennial",NA,NA,NA,NA
"Poa trivialis","perennial",622,900.712218649518,329.614993989507,13.216357171527
"Poa urssulensis","perennial",64,801.53125,217.597704290965,27.1997130363707
"Poa variegata","no_life_form_on_database",12,864,182.387200507851,52.6506496549749
"Poa veresczaginii","perennial",NA,NA,NA,NA
"Poa versicolor","perennial",181,848.292817679558,251.844170080793,18.7194297387529
"Poa violacea var. aetnensis","no_life_form_on_database",NA,NA,NA,NA
"Poa wheeleri","perennial",145,1197.11724137931,276.76282223253,22.9839013779758
"Poa wolfii","perennial",31,1284.06451612903,150.96951910543,27.1149260757677
"Poa xenica","perennial",1,1076,NA,NA
"Podophorus bromoides","no_life_form_on_database",1,1102,NA,NA
"Polypogon australis","perennial",33,1483.51515151515,346.285478436156,60.2805643776634
"Polypogon fugax","annual",158,1295.35443037975,220.654587143301,17.5543364088641
"Polypogon magellanicus","perennial",2,617,591.141269071954,418
"Polypogon maritimus","annual",93,1523.65591397849,267.887894082891,27.7786805767019
"Polypogon monspeliensis","annual",271,1525.49446494465,419.556616678702,25.4862494290346
"Polypogon viridis","annual",155,1516.82580645161,320.104693677113,25.711427723387
"Psammochloa villosa","perennial",6,1430.33333333333,246.45621653078,100.615329072883
"Psathyrostachys caduca","perennial",NA,NA,NA,NA
"Psathyrostachys daghestanica","no_life_form_on_database",NA,NA,NA,NA
"Psathyrostachys fragilis","perennial",14,1600.42857142857,221.378796248808,59.1659720185341
"Psathyrostachys huashanica","perennial",NA,NA,NA,NA
"Psathyrostachys juncea","perennial",78,1050.92307692308,294.514778992422,33.347232046929
"Psathyrostachys lanuginosa","perennial",2,1313.5,10.6066017177982,7.5
"Psathyrostachys rupestris subsp. rupestris","no_life_form_on_database",NA,NA,NA,NA
"Psathyrostachys stoloniformis","perennial",NA,NA,NA,NA
"Pseudodanthonia himalaica","perennial",NA,NA,NA,NA
"Psilurus incurvus","no_life_form_on_database",118,1505.5,222.386387011897,20.4723263249266
"Puccinellia andersonii","perennial",38,266.842105263158,53.6744573183656,8.70714674460773
"Puccinellia angustata","perennial",112,289.598214285714,121.658320816167,11.4956307786176
"Puccinellia arctica","perennial",NA,NA,NA,NA
"Puccinellia banksiensis","perennial",5,317.2,21.5104625705725,9.61977130705299
"Puccinellia bruggemannii","perennial",27,219.592592592593,49.8476596621062,9.59318657479663
"Puccinellia distans","annual",430,865.360465116279,255.726694909416,12.3322363057429
"Puccinellia fasciculata","perennial",52,1343.03846153846,370.634165675824,51.3977111070384
"Puccinellia glaucescens","perennial",26,1617.69230769231,241.627940310018,47.3871377950005
"Puccinellia lemmonii","perennial",41,1695.24390243902,374.605778151366,58.5035935991074
"Puccinellia nutkaensis","perennial",52,735.461538461538,370.228147018356,51.3414064497963
"Puccinellia nuttalliana","perennial",303,1114.00660066007,494.143047051827,28.3877763257069
"Puccinellia parishii","annual",5,2369.6,286.706818893447,128.219187331694
"Puccinellia phryganodes","perennial",85,392.588235294118,155.638798421954,16.88139789801
"Puccinellia pumila","perennial",41,727.219512195122,282.872543046787,44.1772691826133
"Puccinellia stricta","annual",NA,NA,NA,NA
"Puccinellia tenella","perennial",NA,NA,NA,NA
"Puccinellia vaginata","perennial",44,340.704545454545,86.4131717849086,13.0272758070485
"Puccinellia vahliana","perennial",99,281.818181818182,108.023463403281,10.8567665655567
"Puccinellia walkeri","perennial",NA,NA,NA,NA
"Puccinellia wrightii","perennial",12,501.5,104.58185137185,30.1901800209434
"Rhombolytrum monandrum","no_life_form_on_database",NA,NA,NA,NA
"Rostraria azorica","annual",NA,NA,NA,NA
"Rostraria cristata","annual",163,1516.58895705521,306.459364918804,24.0037500069326
"Rostraria hispida","annual",NA,NA,NA,NA
"Rostraria obtusiflora","annual",1,2631,NA,NA
"Rostraria pumila","annual",28,2000,509.003310765628,96.1925840567412
"Rostraria salzmannii","annual",9,1598.77777777778,109.403813664993,36.4679378883309
"Saxipoa saxicola","perennial",9,1018.11111111111,159.203835101769,53.0679450339228
"Schizachne purpurascens","perennial",305,896.531147540984,198.977765503579,11.3934337092845
"Sclerochloa dura","annual",116,1265.78448275862,322.796552054062,29.9709074480327
"Scolochloa festucacea","perennial",191,863.261780104712,181.072606998507,13.1019540138214
"Secale africanum","perennial",NA,NA,NA,NA
"Secale anatolicum","perennial",NA,NA,NA,NA
"Secale cereale","annual",9,1453.88888888889,200.389897727184,66.7966325757279
"Secale montanum","no_life_form_on_database",11,1297.45454545455,292.201424923413,88.1020445161966
"Secale segetale","annual",13,1569.38461538462,212.085100239479,58.8218233596431
"Secale strictum subsp. strictum","no_life_form_on_database",4,1171.75,167.119468245524,83.5597341227619
"Secale sylvestre","annual",41,1140.85365853659,196.34033729415,30.6632090857051
"Secale vavilovii","annual",2,1210.5,183.140656327316,129.5
"Sesleria argentea","perennial",19,1259.31578947368,183.231806018612,42.0362592461882
"Sesleria caerulea","perennial",57,808.315789473684,91.2081915757917,12.0808200971523
"Sesleria insularis","perennial",5,1323.4,94.1928872049265,42.1243397574371
"Sesleria ovata","no_life_form_on_database",7,678.857142857143,120.394391579548,45.5048027666304
"Sesleria tenerrima","perennial",6,1127.5,142.129166605592,58.0239892917863
"Simplicia buchananii","perennial",NA,NA,NA,NA
"Simplicia laxa","perennial",3,1049.66666666667,53.1632705289407,30.6938285508848
"Sinochasea trigyna","perennial",14,1126.78571428571,274.641914715655,73.4011392081122
"Sphenopholis intermedia","perennial",244,1094.61885245902,318.614371149834,20.3971949919033
"Sphenopholis obtusata","annual",355,1531.89577464789,368.044393446046,19.533768201056
"Sphenopus divaricatus","annual",54,1575.61111111111,259.554801474666,35.32093466124
"Stephanachne monandra","no_life_form_on_database",NA,NA,NA,NA
"Stephanachne nigrescens","perennial",7,1016.71428571429,234.472254425205,88.6221820791081
"Stephanachne pappophorea","no_life_form_on_database",6,1342.16666666667,284.031277620382,115.955283526788
"Stipa acrociliata","no_life_form_on_database",NA,NA,NA,NA
"Stipa acuta","no_life_form_on_database",NA,NA,NA,NA
"Stipa alta","no_life_form_on_database",NA,NA,NA,NA
"Stipa ambigua","no_life_form_on_database",6,1623.33333333333,271.125555170786,110.686544399539
"Stipa annua","perennial",3,1821.66666666667,46.7582434799826,26.995884460002
"Stipa aphylla","no_life_form_on_database",NA,NA,NA,NA
"Stipa aquarii","no_life_form_on_database",NA,NA,NA,NA
"Stipa arcaensis","no_life_form_on_database",NA,NA,NA,NA
"Stipa arcuata","no_life_form_on_database",NA,NA,NA,NA
"Stipa argentinensis","no_life_form_on_database",NA,NA,NA,NA
"Stipa arida","no_life_form_on_database",NA,NA,NA,NA
"Stipa aristiglumis","no_life_form_on_database",35,1828.51428571429,161.766056831639,27.343454240383
"Stipa atacamensis","no_life_form_on_database",3,1797,228.597900252824,131.981059247151
"Stipa barbata","perennial",44,1723.29545454545,322.512417611698,48.6205763385641
"Stipa barrancaensis","perennial",NA,NA,NA,NA
"Stipa bigeniculata","no_life_form_on_database",NA,NA,NA,NA
"Stipa blackii","no_life_form_on_database",NA,NA,NA,NA
"Stipa bomanii","perennial",NA,NA,NA,NA
"Stipa brachychaeta","no_life_form_on_database",4,1541.75,248.282601081912,124.141300540956
"Stipa brachychaetoides","no_life_form_on_database",NA,NA,NA,NA
"Stipa brachyphylla","no_life_form_on_database",NA,NA,NA,NA
"Stipa brandisii","no_life_form_on_database",18,1313.72222222222,249.528214968487,58.8143643005306
"Stipa breviflora","perennial",55,1334.45454545455,243.838806666133,32.8792179835015
"Stipa breviglumis","no_life_form_on_database",NA,NA,NA,NA
"Stipa brevipes","no_life_form_on_database",NA,NA,NA,NA
"Stipa bromoides","no_life_form_on_database",NA,NA,NA,NA
"Stipa bungeana","perennial",86,1314.45348837209,202.536367510032,21.8400581831575
"Stipa caespitosa","no_life_form_on_database",NA,NA,NA,NA
"Stipa calamagrostis","no_life_form_on_database",18,1233.33333333333,163.455696462015,38.5268771306202
"Stipa campylachne","no_life_form_on_database",NA,NA,NA,NA
"Stipa capensis","no_life_form_on_database",122,1759.45081967213,370.884627144635,33.5783164142409
"Stipa capillacea","perennial",39,1184.4358974359,185.085015298347,29.6373217967106
"Stipa capillata","perennial",323,1041.38390092879,212.915289458875,11.8469236101982
"Stipa caragana","no_life_form_on_database",NA,NA,NA,NA
"Stipa castellanosii","no_life_form_on_database",NA,NA,NA,NA
"Stipa caucasica","perennial",NA,NA,NA,NA
"Stipa caudata","no_life_form_on_database",NA,NA,NA,NA
"Stipa centralis","no_life_form_on_database",NA,NA,NA,NA
"Stipa charruana","no_life_form_on_database",2,1606.5,102.530483272049,72.5
"Stipa chingii","perennial",3,737,181.427671538826,104.747315001388
"Stipa chubutensis","no_life_form_on_database",NA,NA,NA,NA
"Stipa clandestina","no_life_form_on_database",NA,NA,NA,NA
"Stipa clarazii","no_life_form_on_database",NA,NA,NA,NA
"Stipa comata","no_life_form_on_database",NA,NA,NA,NA
"Stipa compressa","no_life_form_on_database",NA,NA,NA,NA
"Stipa confusa","no_life_form_on_database",NA,NA,NA,NA
"Stipa constricta","no_life_form_on_database",NA,NA,NA,NA
"Stipa cordobensis","no_life_form_on_database",5,1800.6,62.0709271720666,27.758962516636
"Stipa coreana","no_life_form_on_database",NA,NA,NA,NA
"Stipa crinita","no_life_form_on_database",NA,NA,NA,NA
"Stipa curamalalensis","no_life_form_on_database",NA,NA,NA,NA
"Stipa curticoma","no_life_form_on_database",NA,NA,NA,NA
"Stipa curtiseta","no_life_form_on_database",NA,NA,NA,NA
"Stipa curvifolia","no_life_form_on_database",NA,NA,NA,NA
"Stipa depauperata","no_life_form_on_database",NA,NA,NA,NA
"Stipa diegoensis","no_life_form_on_database",NA,NA,NA,NA
"Stipa dongicola","no_life_form_on_database",NA,NA,NA,NA
"Stipa drummondii","no_life_form_on_database",NA,NA,NA,NA
"Stipa editorum","no_life_form_on_database",NA,NA,NA,NA
"Stipa elegantissima","no_life_form_on_database",11,2193,261.265765074569,78.7745921197715
"Stipa eminens","no_life_form_on_database",NA,NA,NA,NA
"Stipa eremophila","no_life_form_on_database",NA,NA,NA,NA
"Stipa exilis","no_life_form_on_database",NA,NA,NA,NA
"Stipa feresetacea","no_life_form_on_database",NA,NA,NA,NA
"Stipa filiculmis","no_life_form_on_database",6,1501.83333333333,137.525876353022,56.1447039156658
"Stipa flavescens","no_life_form_on_database",NA,NA,NA,NA
"Stipa frigida","no_life_form_on_database",7,1961.71428571429,184.968208336563,69.9114113873899
"Stipa gibbosa","no_life_form_on_database",NA,NA,NA,NA
"Stipa gigantea","no_life_form_on_database",38,1504.60526315789,180.403083133252,29.2652445222472
"Stipa hans-meyeri","perennial",20,1223,296.45857081644,66.2901516857996
"Stipa hemipogon","no_life_form_on_database",NA,NA,NA,NA
"Stipa hieronymusii","no_life_form_on_database",NA,NA,NA,NA
"Stipa humilis","no_life_form_on_database",10,1580.7,284.122059059913,89.8472840126202
"Stipa hyalina","no_life_form_on_database",5,1544.6,96.8338783690915,43.305426911647
"Stipa hystricina","no_life_form_on_database",NA,NA,NA,NA
"Stipa ibarii","no_life_form_on_database",NA,NA,NA,NA
"Stipa iberica","perennial",38,1429.13157894737,174.433472341507,28.2968457760128
"Stipa ichu","no_life_form_on_database",30,1420.66666666667,298.564419587596,54.5101558255212
"Stipa inconspicua","no_life_form_on_database",8,1589.375,201.975909100919,71.4092674807889
"Stipa inebrians","no_life_form_on_database",NA,NA,NA,NA
"Stipa jacquemontii","no_life_form_on_database",NA,NA,NA,NA
"Stipa juncea","perennial",37,1540.91891891892,305.44688376017,50.2151583657491
"Stipa juncifolia","no_life_form_on_database",NA,NA,NA,NA
"Stipa juncoides","perennial",NA,NA,NA,NA
"Stipa keniensis","perennial",2,1429,162.634559672906,115
"Stipa kingii","no_life_form_on_database",NA,NA,NA,NA
"Stipa lagascae","perennial",44,1580.77272727273,228.223662596877,34.4060116870231
"Stipa latiglumis","no_life_form_on_database",NA,NA,NA,NA
"Stipa lemmonii","no_life_form_on_database",NA,NA,NA,NA
"Stipa leptostachya","no_life_form_on_database",NA,NA,NA,NA
"Stipa lessingiana","perennial",142,1109.11267605634,164.768959179513,13.8271038969395
"Stipa lettermanii","no_life_form_on_database",NA,NA,NA,NA
"Stipa leucotricha","no_life_form_on_database",27,1898.22222222222,229.398097593435,44.1476844657193
"Stipa lobata","no_life_form_on_database",NA,NA,NA,NA
"Stipa macalpinei","no_life_form_on_database",NA,NA,NA,NA
"Stipa manicata","no_life_form_on_database",NA,NA,NA,NA
"Stipa media","perennial",NA,NA,NA,NA
"Stipa megapotamia","no_life_form_on_database",4,1279.25,159.877817931903,79.9389089659514
"Stipa melanosperma","no_life_form_on_database",7,1429.28571428571,160.774909200943,60.7672038292407
"Stipa mollis","no_life_form_on_database",NA,NA,NA,NA
"Stipa mongholica","no_life_form_on_database",24,1004.125,211.15959604053,43.1027720492932
"Stipa mucronata","no_life_form_on_database",25,1657.44,246.774708320498,49.3549416640995
"Stipa muelleri","no_life_form_on_database",NA,NA,NA,NA
"Stipa multinodis","no_life_form_on_database",NA,NA,NA,NA
"Stipa mundula","no_life_form_on_database",NA,NA,NA,NA
"Stipa nardoides","no_life_form_on_database",NA,NA,NA,NA
"Stipa neaei","perennial",NA,NA,NA,NA
"Stipa neesiana","no_life_form_on_database",16,1494.6875,233.899613438472,58.474903359618
"Stipa nelsonii","no_life_form_on_database",NA,NA,NA,NA
"Stipa neomexicana","no_life_form_on_database",NA,NA,NA,NA
"Stipa nevadensis","no_life_form_on_database",NA,NA,NA,NA
"Stipa nicorae","no_life_form_on_database",NA,NA,NA,NA
"Stipa nitida","no_life_form_on_database",23,2271.08695652174,365.171804278912,76.1435847993822
"Stipa nivicola","no_life_form_on_database",NA,NA,NA,NA
"Stipa nodosa","no_life_form_on_database",11,2038.54545454545,389.897772149666,117.55860152872
"Stipa nullanulla","no_life_form_on_database",NA,NA,NA,NA
"Stipa obtusa","perennial",11,1375.81818181818,214.813788282698,64.7687941389592
"Stipa occidentalis","no_life_form_on_database",NA,NA,NA,NA
"Stipa oligostachya","no_life_form_on_database",NA,NA,NA,NA
"Stipa pampeana","no_life_form_on_database",NA,NA,NA,NA
"Stipa papposa","no_life_form_on_database",9,1528.44444444444,126.568273187943,42.189424395981
"Stipa parishii","no_life_form_on_database",NA,NA,NA,NA
"Stipa parviflora","no_life_form_on_database",58,1707.05172413793,255.544923260065,33.5546923086907
"Stipa patagonica","no_life_form_on_database",NA,NA,NA,NA
"Stipa pekinensis","no_life_form_on_database",47,1068.31914893617,178.041898632949,25.9700800303641
"Stipa pelliotii","no_life_form_on_database",NA,NA,NA,NA
"Stipa pennata","perennial",326,941.282208588957,160.765438658647,8.90397413633788
"Stipa perplexa","no_life_form_on_database",NA,NA,NA,NA
"Stipa pfisteri","no_life_form_on_database",NA,NA,NA,NA
"Stipa pinetorum","no_life_form_on_database",NA,NA,NA,NA
"Stipa platychaeta","no_life_form_on_database",NA,NA,NA,NA
"Stipa plumosa","perennial",8,1610.625,204.146262342888,72.1766032282722
"Stipa polyclada","perennial",NA,NA,NA,NA
"Stipa porteri","no_life_form_on_database",2,1125.5,146.371103705615,103.5
"Stipa pseudoichu","no_life_form_on_database",NA,NA,NA,NA
"Stipa puberula","no_life_form_on_database",NA,NA,NA,NA
"Stipa pubicalyx","no_life_form_on_database",NA,NA,NA,NA
"Stipa pulchra","no_life_form_on_database",24,1762.83333333333,254.152071331947,51.8785743195585
"Stipa purpurea","perennial",82,1118.29268292683,240.913102914051,26.6044016062252
"Stipa pycnostachya","no_life_form_on_database",NA,NA,NA,NA
"Stipa ramosissima","no_life_form_on_database",NA,NA,NA,NA
"Stipa regeliana","perennial",35,1099.68571428571,225.053166454268,38.0409282337899
"Stipa richardsonii","no_life_form_on_database",NA,NA,NA,NA
"Stipa rigidiseta","perennial",NA,NA,NA,NA
"Stipa robusta","no_life_form_on_database",NA,NA,NA,NA
"Stipa rosea","perennial",4,1118.75,179.802437877429,89.9012189387144
"Stipa rosengurttii","no_life_form_on_database",NA,NA,NA,NA
"Stipa roylei","no_life_form_on_database",NA,NA,NA,NA
"Stipa rupestris","no_life_form_on_database",NA,NA,NA,NA
"Stipa sanluisensis","no_life_form_on_database",8,1720.25,176.707789463687,62.475638109129
"Stipa saposhnikowii","no_life_form_on_database",NA,NA,NA,NA
"Stipa scabra","no_life_form_on_database",15,1851.8,359.424182348855,92.8029248307555
"Stipa scabrifolia","no_life_form_on_database",1,1590,NA,NA
"Stipa scribneri","no_life_form_on_database",NA,NA,NA,NA
"Stipa sellowiana","no_life_form_on_database",8,1176.125,89.7400014327104,31.72788177838
"Stipa semibarbata","no_life_form_on_database",NA,NA,NA,NA
"Stipa shoshoneana","no_life_form_on_database",3,1280.33333333333,9.45163125250522,5.45690184791497
"Stipa sibirica","no_life_form_on_database",7,1042.28571428571,180.482422307284,68.2159436348013
"Stipa sorianoi","no_life_form_on_database",NA,NA,NA,NA
"Stipa spartea","no_life_form_on_database",NA,NA,NA,NA
"Stipa speciosa","no_life_form_on_database",57,2097.91228070175,397.343962217594,52.6294934841634
"Stipa splendens","no_life_form_on_database",66,1112.19696969697,256.430780565527,31.5644471128048
"Stipa stillmanii","no_life_form_on_database",NA,NA,NA,NA
"Stipa stipoides","no_life_form_on_database",NA,NA,NA,NA
"Stipa subsessiliflora","perennial",46,1186.9347826087,250.399538708655,36.919397807488
"Stipa tenacissima","no_life_form_on_database",48,1736.10416666667,288.798924349925,41.6845341787759
"Stipa tenuifolia","no_life_form_on_database",NA,NA,NA,NA
"Stipa tenuis","no_life_form_on_database",NA,NA,NA,NA
"Stipa tenuissima","no_life_form_on_database",42,1870.19047619048,350.13629667395,54.0272035201113
"Stipa trichophylla","no_life_form_on_database",NA,NA,NA,NA
"Stipa tucumana","no_life_form_on_database",NA,NA,NA,NA
"Stipa turkestanica","perennial",15,1254.8,300.626773829041,77.6214992309292
"Stipa venusta","perennial",NA,NA,NA,NA
"Stipa viridula","no_life_form_on_database",63,1169.36507936508,270.707335219284,34.105918431963
"Streblochaete longiarista","no_life_form_on_database",18,1532.94444444444,237.146882313156,55.8960562069602
"Sylvipoa queenslandica","perennial",20,1603.95,314.283893620837,70.2760150369504
"Taeniatherum caput-medusae","annual",112,1464.83928571429,230.99032987721,21.8265345755668
"Thinopyrum caespitosum","no_life_form_on_database",NA,NA,NA,NA
"Thinopyrum intermedium subsp. intermedium","perennial",36,1093.33333333333,283.352279478592,47.2253799130987
"Torreyochloa pallida","perennial",83,1026.28915662651,259.929424291854,28.5309609069416
"Trikeraia hookeri","perennial",NA,NA,NA,NA
"Trikeraia pappiformis","perennial",6,1035.16666666667,163.061235941185,66.5694708139132
"Triplachne nitens","annual",21,1638.71428571429,141.172285827333,30.8063183730332
"Trisetaria dufourei","annual",4,1639.25,81.7654164872493,40.8827082436246
"Trisetaria ovata","annual",6,1296,43.4096763406501,17.72192615566
"Trisetaria panicea","annual",55,1579.69090909091,359.934503955994,48.5335586125812
"Trisetum baregense","no_life_form_on_database",NA,NA,NA,NA
"Trisetum bifidum","no_life_form_on_database",85,1084.05882352941,151.212980746424,16.4013505707227
"Trisetum drucei","no_life_form_on_database",6,1116.83333333333,68.4993917247932,27.9647595694613
"Trisetum flavescens","perennial",245,972.367346938776,245.393970114899,15.6776456698705
"Trisetum glaciale","perennial",1,1721,NA,NA
"Trisetum gracile","perennial",NA,NA,NA,NA
"Trisetum hispidum","perennial",13,1140.46153846154,80.074564609718,22.2086883508302
"Trisetum loeflingianum","no_life_form_on_database",7,1510.71428571429,165.891243777075,62.7009965310472
"Trisetum sibiricum","no_life_form_on_database",335,760.023880597015,236.656841240337,12.9299444777067
"Trisetum spicatum","perennial",1171,756.391972672929,400.653411919224,11.7082071575525
"Trisetum tenellum","perennial",NA,NA,NA,NA
"Trisetum turcicum","no_life_form_on_database",2,1026,77.7817459305202,55
"Trisetum viride","no_life_form_on_database",22,1791.68181818182,172.539681112611,36.7855836129773
"Trisetum youngii","perennial",8,1036.625,75.1967656979246,26.5860714741492
"Triticum Ã—dimococcum","no_life_form_on_database",NA,NA,NA,NA
"Triticum Ã—fungicidum","no_life_form_on_database",NA,NA,NA,NA
"Triticum Ã—kiharae","no_life_form_on_database",NA,NA,NA,NA
"Triticum Ã—timococcum","no_life_form_on_database",NA,NA,NA,NA
"Triticum aestivum","annual",65,1618.18461538462,416.613538407738,51.6745496626747
"Triticum carthlicum","no_life_form_on_database",NA,NA,NA,NA
"Triticum compactum","no_life_form_on_database",NA,NA,NA,NA
"Triticum dicoccoides","no_life_form_on_database",7,1984.42857142857,227.701454498983,86.0630602531426
"Triticum dicoccum","no_life_form_on_database",NA,NA,NA,NA
"Triticum durum","no_life_form_on_database",18,1497.77777777778,383.74019329191,90.4484309635153
"Triticum flaksbergeri","no_life_form_on_database",NA,NA,NA,NA
"Triticum macha","no_life_form_on_database",NA,NA,NA,NA
"Triticum monococcum","annual",17,1497.11764705882,258.015717145521,62.5780032270867
"Triticum polonicum","no_life_form_on_database",1,1120,NA,NA
"Triticum soveticum","no_life_form_on_database",NA,NA,NA,NA
"Triticum spelta","no_life_form_on_database",1,1531,NA,NA
"Triticum sphaerococcum","no_life_form_on_database",1,951,NA,NA
"Triticum timopheevii","annual",NA,NA,NA,NA
"Triticum turanicum","no_life_form_on_database",NA,NA,NA,NA
"Triticum turgidum","annual",15,1684.26666666667,310.024069726084,80.0478705981714
"Triticum urartu","annual",9,2048.33333333333,77.2285568944545,25.7428522981515
"Ventenata dubia","annual",44,1162.59090909091,202.655202445494,30.5514212875099
"Ventenata macra","annual",NA,NA,NA,NA
"Vulpia alopecuros","no_life_form_on_database",14,1619.5,256.679611728168,68.6005118040691
"Vulpia brevis","no_life_form_on_database",1,1837,NA,NA
"Vulpia bromoides","no_life_form_on_database",545,1448.73211009174,457.770365483438,19.6087280470601
"Vulpia ciliata","no_life_form_on_database",164,1444.01829268293,274.20601436444,21.4118923978879
"Vulpia delicatula","no_life_form_on_database",NA,NA,NA,NA
"Vulpia fasciculata","no_life_form_on_database",40,1506.125,246.162984105226,38.921785269817
"Vulpia fontquerana","no_life_form_on_database",2,1503.5,178.898015640197,126.5
"Vulpia geniculata","no_life_form_on_database",46,1547.65217391304,313.129594569356,46.1684399532957
"Vulpia membranacea","no_life_form_on_database",56,1458.125,273.389902220919,36.5332623969395
"Vulpia microstachys","no_life_form_on_database",118,1742.82203389831,492.675924262557,45.3544950725707
"Vulpia muralis","no_life_form_on_database",233,1730.62660944206,369.558861644421,24.2106060024104
"Vulpia myuros","no_life_form_on_database",729,1428.81481481481,433.499372599265,16.0555323184913
"Vulpia octoflora","no_life_form_on_database",479,1681.70563674322,441.54612219173,20.1747572710253
"Vulpia sicula","no_life_form_on_database",14,1440.07142857143,102.715787331028,27.451948886103
"Vulpia unilateralis","no_life_form_on_database",68,1368.58823529412,243.112542901929,29.4817262734458
"Vulpiella stipoides","annual",17,1765.76470588235,252.073037384942,61.1366916769639
"Wangenheimia lima","annual",24,1577.875,145.121032694902,29.622706754022
"Zingeria biebersteiniana","no_life_form_on_database",5,1328,152.517212143417,68.2077708182873
"Zingeria kochii","no_life_form_on_database",NA,NA,NA,NA
"Zingeria pisidica","no_life_form_on_database",NA,NA,NA,NA
"Zingeria trichopoda","no_life_form_on_database",NA,NA,NA,NA
